-- phpMyAdmin SQL Dump
-- version 4.5.1
-- http://www.phpmyadmin.net
--
-- Host: 127.0.0.1
-- Generation Time: Apr 08, 2016 at 09:27 PM
-- Server version: 10.1.10-MariaDB
-- PHP Version: 5.6.15
--
  -- This file is …….
  -- Developed by PHP language program, use Framework Cakephp.
  -- Copyright (c) 2016 by  OREGON - VIET INVESTMENT DEVELOPMENT MEDIA TECHNOLOGY COMPANY LIMITED
  -- Short name: OREGON CO.,LTD
  -- Website: http://vietoregon-tech.com/?lang=eng 
  -- Email: vietoregon.tech.com@gmail.com
  -- Thanks and best regard !
  -- —————————————————————————————————————
  -- Đây là file dùng để ……. 
  -- Phát triển bởi ngôn ngữ lập trình PHP, sử dụng Framework CakePHP
  -- Quyền tác giả (c) 2016 CÔNG TY TNHH ĐẦU TƯ PHÁT TRIỂN CÔNG NGHỆ TRUYỀN THÔNG VIỆT-OREGON
  -- Tên ngắn giao dịch: OREGON CO.,LTD
  -- Website: http://vietoregon-tech.com/?lang=vn
  -- Địa chỉ Email: vietoregon.tech.com@gmail.com
  -- Cám ơn quý đối tác !
--

SET FOREIGN_KEY_CHECKS=0;

CREATE DATABASE IF NOT EXISTS `nghenhinaudio` DEFAULT CHARACTER SET utf8 COLLATE utf8_unicode_ci;
USE `nghenhinaudio`;


-- ----------------------------
-- Table structure for categories
-- ----------------------------
DROP TABLE IF EXISTS `categories`;
CREATE TABLE `categories` (
  `id` int(10) unsigned NOT NULL AUTO_INCREMENT,
  `category_name` varchar(40) COLLATE utf8_unicode_ci NOT NULL,
  `product_type` int(10) NOT NULL,
  `description` text COLLATE utf8_unicode_ci,
  `seo_description` text COLLATE utf8_unicode_ci,
  `is_parent` set('0','1') COLLATE utf8_unicode_ci DEFAULT '0',
  `parent_category` int(10) DEFAULT NULL,
  `seo_keyword` text COLLATE utf8_unicode_ci,
  `del_flag` set('N','Y') COLLATE utf8_unicode_ci DEFAULT 'N' COMMENT 'DEFAULT N',
  `created` datetime DEFAULT NULL,
  `modified` datetime DEFAULT NULL,
  PRIMARY KEY (`id`),
  UNIQUE KEY `category_name` (`category_name`)
) ENGINE=InnoDB AUTO_INCREMENT=33 DEFAULT CHARSET=utf8 COLLATE=utf8_unicode_ci;

-- ----------------------------
-- Records of categories
-- ----------------------------
INSERT INTO `categories` VALUES ('1', 'Nhà sản xuất ', '1', '<p>Danh mục sản phẩm theo nh&agrave; sản xuất.</p>\r\n', '<p>Danh mục sản phẩm theo nh&agrave; sản xuất.</p>\r\n', '1', null, 'nhà sản xuất', 'N', '2016-04-23 08:45:19', '2016-04-23 08:45:19');
INSERT INTO `categories` VALUES ('2', 'Plantronics', '1', '<p>Danh mục&nbsp;Plantronics</p>\r\n', '<p>Danh mục&nbsp;Plantronics</p>\r\n', '0', '1', 'tai nghe plantronics', 'N', '2016-04-23 08:48:26', '2016-04-23 08:48:26');
INSERT INTO `categories` VALUES ('3', 'Jabra', '1', '<p>Jabra</p>\r\n', '<p>Jabra</p>\r\n', '0', '1', 'Jabra', 'N', '2016-04-23 08:48:59', '2016-04-23 08:48:59');
INSERT INTO `categories` VALUES ('4', 'Sony', '1', '<p>Sony</p>\r\n', '<p>Sony</p>\r\n', '0', '1', 'tai nghe Sony, tai nghe hịn', 'N', '2016-04-23 08:54:34', '2016-04-23 08:54:34');
INSERT INTO `categories` VALUES ('5', 'Bludio', '1', '<p>Bludio</p>\r\n', '<p>Bludio</p>\r\n', '0', '1', 'Bludio', 'N', '2016-04-23 08:55:24', '2016-04-23 08:55:24');
INSERT INTO `categories` VALUES ('6', 'Beats', '1', '<p>Beats</p>\r\n', '<p>Beats</p>\r\n', '0', '1', 'Beats', 'N', '2016-04-23 08:55:49', '2016-04-23 08:55:49');
INSERT INTO `categories` VALUES ('7', 'Thương Hiệu Khác', '1', '<p>Thương Hiệu Kh&aacute;c</p>\r\n', '<p>Thương Hiệu Kh&aacute;c</p>\r\n', '0', '1', 'tai nghe thương hiệu, tai nghe thương hiệu khác', 'N', '2016-04-23 08:56:36', '2016-04-23 08:56:36');
INSERT INTO `categories` VALUES ('8', 'Theo kiểu', '1', '<p>Theo kiểu</p>\r\n', '<p>Theo kiểu</p>\r\n', '1', null, 'Theo kiểu', 'N', '2016-04-23 08:57:56', '2016-04-23 08:57:56');
INSERT INTO `categories` VALUES ('9', 'IN-EARS', '1', '<p>IN-EARS</p>\r\n', '<p>IN-EARS</p>\r\n', '0', '8', 'IN-EARS', 'N', '2016-04-23 08:58:10', '2016-04-23 08:58:10');
INSERT INTO `categories` VALUES ('10', 'EARS-BUDS', '1', '<p>EARS-BUDS</p>\r\n', '<p>EARS-BUDS</p>\r\n', '0', '8', 'EARS-BUDS', 'N', '2016-04-23 08:58:26', '2016-04-23 08:58:26');
INSERT INTO `categories` VALUES ('11', 'ON-EARS', '1', '<p>ON-EARS</p>\r\n', '<p>ON-EARS</p>\r\n', '0', '8', '', 'N', '2016-04-23 08:58:40', '2016-04-23 08:58:40');
INSERT INTO `categories` VALUES ('12', 'OVER_EARS', '1', '<p>OVER_EARS</p>\r\n', '<p>OVER_EARS</p>\r\n', '0', '8', 'OVER_EARS', 'N', '2016-04-23 08:59:06', '2016-04-23 08:59:06');
INSERT INTO `categories` VALUES ('13', 'CLIP ON', '1', '<p>CLIP ON</p>\r\n', '<p>CLIP ON</p>\r\n', '0', '8', 'CLIP ON', 'N', '2016-04-23 08:59:21', '2016-04-23 08:59:21');
INSERT INTO `categories` VALUES ('14', 'Tính năng', '1', '<p>T&iacute;nh năng</p>\r\n', '<p>T&iacute;nh năng</p>\r\n', '1', null, 'tai nghe theo tính năng', 'N', '2016-04-23 08:59:44', '2016-04-23 08:59:44');
INSERT INTO `categories` VALUES ('15', 'MICRO', '1', '<p>MICRO</p>\r\n', '<p>MICRO</p>\r\n', '0', '14', '', 'N', '2016-04-23 08:59:59', '2016-04-23 08:59:59');
INSERT INTO `categories` VALUES ('16', 'Chống Ồn', '1', '<p>Chống Ồn</p>\r\n', '<p>Chống Ồn</p>\r\n', '0', '14', 'Chống Ồn', 'N', '2016-04-23 09:00:12', '2016-04-23 09:00:12');
INSERT INTO `categories` VALUES ('17', 'Chống Nước', '1', '<p>Chống Nước</p>\r\n', '<p>Chống Nước</p>\r\n', '0', '14', 'Chống Nước', 'N', '2016-04-23 09:00:29', '2016-04-23 09:00:29');
INSERT INTO `categories` VALUES ('18', 'Blutooth', '1', '<p>Blutooth</p>\r\n', '<p>Blutooth</p>\r\n', '0', '14', '', 'N', '2016-04-23 09:00:45', '2016-04-23 09:00:45');
INSERT INTO `categories` VALUES ('19', 'Wireless', '1', '<p>Wireless</p>\r\n', '<p><strong><em>Wireless</em></strong></p>\r\n', '0', '14', '', 'N', '2016-04-23 09:01:01', '2016-04-23 09:01:01');
INSERT INTO `categories` VALUES ('20', 'Theo Nhu Cầu', '1', '<p>Theo Nhu Cầu</p>\r\n', '<p>Theo Nhu Cầu</p>\r\n', '1', null, '', 'N', '2016-04-23 09:04:42', '2016-04-23 09:04:42');
INSERT INTO `categories` VALUES ('21', 'DJ', '1', '<p>DJ</p>\r\n', '<p>DJ</p>\r\n', '0', '20', '', 'N', '2016-04-23 09:04:55', '2016-04-23 09:04:55');
INSERT INTO `categories` VALUES ('22', 'BASS', '1', '<p>BASS</p>\r\n', '<p>BASS</p>\r\n', '0', '20', '', 'N', '2016-04-23 09:05:08', '2016-04-23 09:05:08');
INSERT INTO `categories` VALUES ('23', 'Làm Việc', '1', '<p>L&agrave;m Việc</p>\r\n', '<p>L&agrave;m Việc</p>\r\n', '0', '20', '', 'N', '2016-04-23 09:05:22', '2016-04-23 09:05:22');
INSERT INTO `categories` VALUES ('24', 'Thể Thao', '1', '<p>Thể Thao</p>\r\n', '<p>Thể Thao</p>\r\n', '0', '20', '', 'N', '2016-04-23 09:05:34', '2016-04-23 09:05:34');
INSERT INTO `categories` VALUES ('25', 'Chơi Game', '1', '<p>Chơi Game</p>\r\n', '<p>Chơi Game</p>\r\n', '0', '20', '', 'N', '2016-04-23 09:05:47', '2016-04-23 09:05:47');
INSERT INTO `categories` VALUES ('26', 'Phòng Thu', '1', '<p>Ph&ograve;ng Thu</p>\r\n', '<p>Ph&ograve;ng Thu</p>\r\n', '0', '20', '', 'N', '2016-04-23 09:06:06', '2016-04-23 09:06:06');
INSERT INTO `categories` VALUES ('27', 'TV / Xem Phim', '1', '<p>TV / Xem Phim</p>\r\n', '<p>TV / Xem Phim</p>\r\n', '0', '20', '', 'N', '2016-04-23 09:07:17', '2016-04-23 09:07:17');
INSERT INTO `categories` VALUES ('28', 'High end', '1', '<p>High end</p>\r\n', '<p>High end</p>\r\n', '1', null, '', 'N', '2016-04-23 09:07:34', '2016-04-23 09:07:34');
INSERT INTO `categories` VALUES ('29', 'IN-EARS MONITOR', '1', '<p>IN-EARS MONITOR</p>\r\n', '<p>IN-EARS MONITOR</p>\r\n', '0', '28', '', 'N', '2016-04-23 09:07:51', '2016-04-23 09:07:51');
INSERT INTO `categories` VALUES ('30', 'HEAD PHONE', '1', '<p>HEAD PHONE</p>\r\n', '<p>HEAD PHONE</p>\r\n', '0', '28', 'HEAD PHONE', 'N', '2016-04-23 09:08:08', '2016-04-23 09:08:08');
INSERT INTO `categories` VALUES ('31', 'MONITORS', '1', '<p>MONITORS</p>\r\n', '<p>MONITORS</p>\r\n', '0', '28', 'MONITORS', 'N', '2016-04-23 09:08:22', '2016-04-24 09:52:50');
INSERT INTO `categories` VALUES ('32', 'AUDIOPHILE', '1', '<p><strong>AUDIOPHILE</strong></p>\r\n', '<p><em>AUDIOPHILE</em></p>\r\n', '0', null, '', 'N', '2016-04-23 09:08:37', '2016-04-24 09:54:05');

-- ----------------------------
-- Table structure for products
-- ----------------------------
DROP TABLE IF EXISTS `products`;
CREATE TABLE `products` (
  `id` int(10) unsigned NOT NULL AUTO_INCREMENT,
  `product_name` varchar(40) COLLATE utf8_unicode_ci NOT NULL,
  `product_code` varchar(40) COLLATE utf8_unicode_ci NOT NULL,
  `product_type` int(10) NOT NULL,
  `product_price` varchar(20) COLLATE utf8_unicode_ci DEFAULT '0',
  `product_price_sale` varchar(20) COLLATE utf8_unicode_ci DEFAULT NULL,
  `product_number` int(10) DEFAULT NULL,
  `product_tag` varchar(255) COLLATE utf8_unicode_ci DEFAULT NULL,
  `category_name` varchar(255) COLLATE utf8_unicode_ci NOT NULL,
  `warranty_time` date DEFAULT NULL,
  `product_status` varchar(20) COLLATE utf8_unicode_ci DEFAULT NULL,
  `description` text COLLATE utf8_unicode_ci,
  `overview` text COLLATE utf8_unicode_ci,
  `specification` text COLLATE utf8_unicode_ci,
  `review` text COLLATE utf8_unicode_ci,
  `video` text COLLATE utf8_unicode_ci,
  `customer_review` text COLLATE utf8_unicode_ci,
  `note` text COLLATE utf8_unicode_ci,
  `seo_description` text COLLATE utf8_unicode_ci,
  `seo_keyword` text COLLATE utf8_unicode_ci,
  `del_flag` set('N','Y') COLLATE utf8_unicode_ci DEFAULT 'N' COMMENT 'DEFAULT N',
  `created` datetime DEFAULT NULL,
  `modified` datetime DEFAULT NULL,
  PRIMARY KEY (`id`)
) ENGINE=InnoDB AUTO_INCREMENT=15 DEFAULT CHARSET=utf8 COLLATE=utf8_unicode_ci;

-- ----------------------------
-- Records of products
-- ----------------------------
INSERT INTO `products` VALUES ('1', 'Shure KSE 1500', 'Shure KSE 1500', '1', '68.500.000 ₫', '68.500.000 ₫', null, '', 'Nhà sản xuất ', '2019-07-17', 'Còn hàng', '<h3><strong>Electrostatic Earphone System</strong></h3>\r\n\r\n<p><strong>Experience a premium listening environment anywhere</strong></p>\r\n\r\n<p>Whether you&rsquo;re on an international flight or an undisturbed mountaintop, your ears will be enveloped by luxurious audio in a sleek system designed for the most discerning audiophile.<br />\r\n<br />\r\nFeaturing unprecedented Sound Isolating&trade; electrostatic earphones and a matched digital-to-analog amplifier, the KSE1500 means that high-fidelity portable audio is at last a reality.<br />\r\n<br />\r\nSimply luxurious sound, wherever you are.</p>\r\n', '<p><img alt=\"beats solo 2 wireless gold 01\" src=\"http://plantronicschinhhang.com/wp-content/uploads/beats-solo-2-wireless-gold-01.jpg\" style=\"height:720px; width:960px\" /></p>\r\n\r\n<p><img alt=\"Beats-Solo2-Wireless-Apple-Colors\" src=\"http://plantronicschinhhang.com/wp-content/uploads/Beats-Solo2-Wireless-Apple-Colors.jpg\" style=\"height:600px; width:980px\" /></p>\r\n\r\n<h2><strong>Thiết kế của tương lai</strong></h2>\r\n\r\n<p>Tai nghe <strong>Beats Solo 2 Wireless</strong> c&oacute;&nbsp;chất lượng ho&agrave;n thiện sản phẩm tốt, thiết kế tinh tế, miếng đệm si&ecirc;u nhẹ đeo rất &ecirc;m tai.Tai nghe sử dụng c&ocirc;ng nghệ <strong>Bluetooth 4.0</strong> mới nhất, kết nối trong phạm vi 10m với thời lượng pin l&ecirc;n đến 12 giờ.</p>\r\n\r\n<p>Tương th&iacute;ch ho&agrave;n to&agrave;n thiết bị ph&aacute;t nhạc ipod, iphone, ipad. Kết nối dễ d&agrave;ng với c&aacute;c thiết bị m&aacute;y nghe nhạc, điện thoại di động, laptop, pc,&hellip; Chất &acirc;m tinh tế ph&ugrave; hợp với nhiều d&ograve;ng nhạc pop, dance, hihop, trữ t&igrave;nh,&hellip;</p>\r\n\r\n<h2><strong>Kết nối th&ocirc;ng minh</strong></h2>\r\n\r\n<p>Tai nghe&nbsp;<strong>Beats&nbsp;Solo2</strong> Wireless l&agrave; sản phẩm mới đầu ti&ecirc;n được ph&aacute;t h&agrave;nh bởi Beats kể từ khi trở th&agrave;nh một phần của <strong>Apple</strong> sau thương vụ 3 tỷ $. C&aacute;c tai nghe mới được thiết lập sẽ c&oacute; sẵn c&aacute;c bản m&agrave;u đỏ, đen, trắng, xanh, gray, gold, silver.</p>\r\n\r\n<p>Với c&ocirc;ng nghệ Bluetooth mới nhất , Beats Solo2 Wireless cho ph&eacute;p di chuyển tự do trong v&ograve;ng 30 feet(c&aacute;ch xa nguồn ph&aacute;t 10m). Người d&ugrave;ng c&oacute; thể nhận cuộc gọi, bỏ qua c&aacute;c b&agrave;i h&aacute;t, v&agrave; thay đổi &acirc;m lượng bằng c&aacute;ch sử dụng n&uacute;t &ldquo;b&rdquo; v&agrave; n&uacute;t &acirc;m lượng tr&ecirc;n cốc tai.</p>\r\n\r\n<p><img alt=\"Beats-Solo2-Wireless-Apple-Colors2\" src=\"http://plantronicschinhhang.com/wp-content/uploads/Beats-Solo2-Wireless-Apple-Colors2.jpg\" style=\"height:500px; width:500px\" /></p>\r\n\r\n<p><img alt=\"Tai nghe Beats Solo 2 wireless Gold (5)\" src=\"http://plantronicschinhhang.com/wp-content/uploads/Tai-nghe-Beats-Solo-2-wireless-Gold-5.jpg\" style=\"height:1342px; width:1419px\" /></p>\r\n\r\n<h2><strong>Thời lượng pin khủng</strong></h2>\r\n\r\n<p>Pin của tai nghe beats solo2 wireless c&oacute; thể d&ugrave;ng li&ecirc;n tục trong v&ograve;ng 12 tiếng. Quả l&agrave; một con số c&oacute; thể l&agrave;m h&agrave;i l&ograve;ng nhiều người khi chơi một tai nghe over ear kh&ocirc;ng d&acirc;y. &Ocirc;ng Luke Wood người đứng đầu của Beats n&oacute;i &ldquo;Tai nghe beats solo 2 l&agrave; một tai nghe đẳng cấp của thế giới, được nhiều người khen ngợi v&igrave; chất &acirc;m của n&oacute;. V&agrave; b&acirc;y giờ n&oacute; gia nhập gia đ&igrave;nh tai nghe kh&ocirc;ng d&acirc;y.&rdquo;</p>\r\n\r\n<p>Beats solo2 wireless được trang bị th&ecirc;m 1 c&aacute;p để sử dụng khi bluetooth kh&ocirc;ng thể kết nối (hết pin) hoặc người nghe muốn chất lượng &acirc;m thanh hay hơn.</p>\r\n\r\n<h2><strong>UNBOXED</strong></h2>\r\n\r\n<p>-Tai nghe Solo 2 Wireless<br />\r\n&ndash; Bao đựng: 1<br />\r\n&ndash; D&acirc;y controltalk: 1<br />\r\n&ndash; D&acirc;y micro USB 2.0: 1<br />\r\n&ndash; S&aacute;ch&nbsp;HDSD: 1<br />\r\n&ndash; Trọng lượng: 215 g<br />\r\n&ndash; Chiều cao: 198mm<br />\r\n&ndash; Jack: 3.5mm<br />\r\n&ndash; Chiều d&agrave;i: 1.361 m</p>\r\n\r\n<p><img alt=\"Tai nghe Beats Solo 2 wireless Red (1)\" src=\"http://plantronicschinhhang.com/wp-content/uploads/Tai-nghe-Beats-Solo-2-wireless-Red-1.png\" style=\"height:500px; width:1500px\" /></p>\r\n\r\n<p><img alt=\"Tai nghe Beats solo 2 wireless White (6)\" src=\"http://plantronicschinhhang.com/wp-content/uploads/Tai-nghe-Beats-solo-2-wireless-White-6.jpg\" style=\"height:1369px; width:1467px\" /></p>\r\n\r\n<p><img alt=\"Tai nghe Beats Solo 2 wireless Black (6)\" src=\"http://plantronicschinhhang.com/wp-content/uploads/Tai-nghe-Beats-Solo-2-wireless-Black-6.jpg\" style=\"height:1374px; width:1305px\" /></p>\r\n\r\n<p><img alt=\"Tai nghe Beats Solo 2 Red (9)\" src=\"http://plantronicschinhhang.com/wp-content/uploads/Tai-nghe-Beats-Solo-2-Red-9.jpg\" style=\"height:1355px; width:1403px\" /></p>\r\n\r\n<p><img alt=\"Tai nghe Beats Solo 2 Blue (9)\" src=\"http://plantronicschinhhang.com/wp-content/uploads/Tai-nghe-Beats-Solo-2-Blue-9.jpg\" style=\"height:1372px; width:1542px\" /></p>\r\n\r\n<p><img alt=\"Tai nghe Beats Solo 2 wireless Silver (3)\" src=\"http://plantronicschinhhang.com/wp-content/uploads/Tai-nghe-Beats-Solo-2-wireless-Silver-3.jpg\" style=\"height:1336px; width:1539px\" /></p>\r\n\r\n<p><img alt=\"Tai nghe Beats Solo 2 wireless Space Gray (2)\" src=\"http://plantronicschinhhang.com/wp-content/uploads/Tai-nghe-Beats-Solo-2-wireless-Space-Gray-2.jpg\" style=\"height:1187px; width:1293px\" /></p>\r\n', '', '', '', '', '<p>Bảo h&agrave;nh 24 th&aacute;ng.</p>\r\n', '<h3><strong>Electrostatic Earphone System</strong></h3>\r\n\r\n<p><strong>Experience a premium listening environment anywhere</strong></p>\r\n\r\n<p>Whether you&rsquo;re on an international flight or an undisturbed mountaintop, your ears will be enveloped by luxurious audio in a sleek system designed for the most discerning audiophile.<br />\r\n<br />\r\nFeaturing unprecedented Sound Isolating&trade; electrostatic earphones and a matched digital-to-analog amplifier, the KSE1500 means that high-fidelity portable audio is at last a reality.<br />\r\n<br />\r\nSimply luxurious sound, wherever you are.</p>\r\n', 'tai nghe urbeats, tai nghe rose gold, tai nghe xịn', 'N', '2016-04-24 09:39:56', '2016-06-11 17:33:21');
INSERT INTO `products` VALUES ('2', 'FiiO Q1', 'FiiO Q1', '1', '1.900.000 ₫', null, null, null, '', '2017-07-19', 'Còn hàng', '<p>Mẫu portable dac/amp mới nhất của FiiO, c&oacute; thể d&ugrave;ng l&agrave;m DAC cho iphone ,ipad v&agrave; c&aacute;c thiết bị android</p>\r\n', null, null, null, null, null, '<ul>\r\n <li><strong>Bảo h&agrave;nh: 12 th&aacute;ng</strong></li>\r\n</ul>\r\n', '<p>Mẫu portable dac/amp mới nhất của FiiO, c&oacute; thể d&ugrave;ng l&agrave;m DAC cho iphone ,ipad v&agrave; c&aacute;c thiết bị android</p>\r\n', 'FiiO Q1, PORTABLE AMP&DAC', 'N', '2016-04-24 09:56:37', '2016-04-24 09:56:37');
INSERT INTO `products` VALUES ('3', 'Cowon Plenue S', 'Cowon Plenue S', '1', '44.000.000 ₫', null, null, null, '', '2017-04-24', 'Còn hàng', '<h3><strong>The Supremacy, Better Than Any Other Sound</strong></h3>\r\n\r\n<blockquote>\r\n<p>No conversion Native DSD 256, high fidelity Burr-Brown PCM1792A DAC, high quality balanced output, high precision dual TCXO clock, and the powerful 3Vrms driving performance for perfect sound reproduction. The PLENUE S delivers indescribably perfect sound fidelity. PLENUE S has taken a giant step towards true sound reproduction. Check out the PLENUE S for the latest in sound reproduction technology. Get a PLENUE S for a totally new audio experience.</p>\r\n</blockquote>\r\n', null, null, null, null, null, '<h3>Support Native DSD up to DSD256</h3>\r\n\r\n<p>The PLENUE S supports Native DSD standard for high definition DSD sound without PCM conversion. The PLENUE S power performance options: DSD256 (1bit, 11.2MHz), DSD64 and DSD128. By supporting Native DSD, the PLENUE S delivers the fidelity true audiophiles demand.</p>\r\n\r\n<h3>Industry best Response Rate with 3Vrms High Performance Amp</h3>\r\n\r\n<p>For optimum sound reproduction, the amp must deliv&hellip;</p>\r\n', '<h3>The Supremacy, Better Than Any Other Sound</h3>\r\n\r\n<p>No conversion Native DSD 256, high fidelity Burr-Brown PCM1792A DAC, high quality balanced output, high precision dual TCXO clock, and the powerful 3Vrms driving performance for perfect sound reproduction. The PLENUE S delivers indescribably perfect sound fidelity. PLENUE S has taken a giant step towards true sound reproduction. Check out the PLENUE S for the latest in sound reproduction technology. Get a PLENUE S for a totally new audio experience.</p>\r\n', 'The Supremacy, Better Than Any Other Sound, high fidelity Burr-Brown', 'N', '2016-04-24 09:59:16', '2016-04-24 09:59:16');
INSERT INTO `products` VALUES ('4', 'Jamo P102', 'Jamo P102', '1', '7.230.000 ₫', null, null, null, '', '2018-04-24', 'Còn hàng', '<ul>\r\n <li><strong>Design</strong>\r\n <p>Much more than just a computer speaker system, the Jamo P 102 can handle all of your Home Theater options from music to movies to television in one compact, easy to use system. Beautiful Danish design is emanated with a unique flowing pattern of the satellites and matching subwoofer, both available in rich, high-gloss black or white. Placement options are abundant with the included satellite table stands and wall-mount brackets. The long range RF remote lets you control the P 102 from anywhere in your home.</p>\r\n <strong>Technology</strong>\r\n\r\n <p>Each small, high-tech satellite speaker houses a .75&quot; tweeter and a 3&quot; woofer/midrange in a unique coaxial configuration for balanced, refined and highly detailed sound. The 6.5&quot; subwoofer can easily be positioned out of sight, but it will still provide ground-shaking bass you can feel. Two digital and two analog inputs can handle your TV, DVD player, computer or your music-server with ease. An optional wireless transmitter/receiver, the Jamo WK 200, can be connected to the P 102 and your sound source for wireless audio streaming. Stand-by-circuitry automatically turns the system off after 10 minutes with no signal.</p>\r\n </li>\r\n</ul>\r\n', null, null, null, null, null, '<p>Bảo h&agrave;nh 14 th&aacute;ng</p>\r\n', '<ul>\r\n  <li>Compact, yet powerful 100 watt system for true sonic realism</li>\r\n <li>Expertly crafted Danish design</li>\r\n <li>Multiple inputs for connection to TVs, computers and other sound sources</li>\r\n <li>Speaker table stands and wall brackets included</li>\r\n</ul>\r\n', 'speaker, COMPUTER SPEAKER, Jamo', 'N', '2016-04-24 10:01:45', '2016-04-24 10:01:45');
INSERT INTO `products` VALUES ('5', 'Turbo X Travel Bag', 'Turbo X Travel Bag', '1', '600.000 ₫', null, null, null, '', '2016-07-06', 'Còn hàng', '<p>Carry your RIVA Turbo X with you anywhere you go! Our travel bag is made of a durable nylon exterior and soft velvet lined interior with a layer of protective padding to keep your Turbo X safe. The clean design features an exterior pocket for cables, a soft ergonomic carrying handle and embroidered RIVA logo. Available in black on black.</p>\r\n', null, null, null, null, null, '<p>Carry your RIVA Turbo X with you anywhere you go! Our travel bag is made of a durable nylon exterior and soft velvet lined interior with a layer of protective padding to keep your Turbo X safe. The clean design features an exterior pocket for cables, a soft ergonomic carrying handle and embroidered RIVA logo. Available in black on black.</p>\r\n', '<p>Carry your RIVA Turbo X with you anywhere you go! Our travel bag is made of a durable nylon exterior and soft velvet lined interior with a layer of protective padding to keep your Turbo X safe. The clean design features an exterior pocket for cables, a soft ergonomic carrying handle and embroidered RIVA logo. Available in black on black.</p>\r\n', '', 'N', '2016-04-24 10:03:17', '2016-04-24 10:03:17');
INSERT INTO `products` VALUES ('6', '111111', '1111111', '1', '', null, null, null, 'Nhà sản xuất ,Bludio,Beats', null, '', '', null, null, null, null, null, '', '', '', 'Y', '2016-04-24 19:31:45', '2016-04-24 19:33:17');
INSERT INTO `products` VALUES ('7', 'Cowon Plenue 1 Gold Edition', 'Cowon Plenue 1 Gold Edition', '1', '21.000.000 ₫', null, null, null, '', '2017-04-25', 'Còn hàng', '', null, null, null, null, null, '<ul>\r\n  <li><strong><strong>Bảo h&agrave;nh: 12 th&aacute;ng</strong></strong></li>\r\n</ul>\r\n', '', 'The Supremacy, Better Than Any Other Sound, high fidelity Burr-Brown', 'N', '2016-04-24 19:35:27', '2016-04-24 19:35:27');
INSERT INTO `products` VALUES ('8', 'hungnup', 'hungnup', '1', '2.700.000 ₫', '2.000.000 ₫', '122', 'AKG, K420, 3KShop, Portable, Fodable', 'ON-EARS,Tính năng,Thể Thao', '2019-05-08', 'Còn hàng', '<h3>TANGLE-FREE CABLES.</h3>\r\n\r\n<p>Doesn&rsquo;t matter how carefully you wind them up, cords and pockets just don&rsquo;t mix. That&rsquo;s why we&rsquo;ve redesigned our cables to make sure they&rsquo;re ultra-flexible and tangle-free.</p>\r\n', '<h3><strong>Headphone &ndash; chiếc cầu nối quan trọng</strong></h3>\r\n\r\n<ul>\r\n  <li>C&ograve;n g&igrave; tuyệt vời hơn việc thưởng thức nhạc bằng headphones, khi chỉ c&oacute; t&acirc;m hồn h&ograve;a m&igrave;nh với &acirc;m thanh y&ecirc;u th&iacute;ch ? C&aacute;c kỹ sư của ADL hiểu rất r&otilde; một chiếc headphone sẽ đ&oacute;ng vai tr&ograve; rất quan trọng trong việc thưởng thức &acirc;m nhạc &ndash; ch&iacute;nh v&igrave; điều n&agrave;y m&agrave; họ đ&atilde; s&aacute;ng tạo n&ecirc;n ADL &ndash; H118 .</li>\r\n  <li>Headphone ch&iacute;nh l&agrave; thiết bị gi&uacute;p truyền tải &acirc;m thanh đến với người nghe v&agrave; đ&acirc;y cũng ch&iacute;nh l&agrave; một trong những mắt x&iacute;ch quan trọng m&agrave; bạn cần phải quan t&acirc;m nếu muốn thưởng thức &acirc;m thanh một c&aacute;ch trọn vẹn.Một số headphone c&oacute; qu&aacute; nhiều bass,một số th&igrave; lại c&oacute; d&atilde;i cao ch&oacute;i gắt,số kh&aacute;c th&igrave; lại c&oacute; d&atilde;i mid mờ đục k&eacute;m chi tiết ,ngo&agrave;i ra một số headphone lại tạo cảm gi&aacute;c kh&ocirc;ng thoải m&aacute;i khi đeo .</li>\r\n</ul>\r\n\r\n<h3><strong>Alpha Triform Contour Earcups&trade;</strong></h3>\r\n\r\n<ul>\r\n <li>Triform Earcups c&oacute; thiết kế đặc biệt gi&uacute;p bao trọn v&agrave;nh tai nhằm cải thiện &acirc;m bass so với những thiết kế kh&aacute;c . Triform Contour cũng l&agrave;m hạn chế hiện tượng phản xạ &acirc;m gi&uacute;p giảm sự m&eacute;o tiếng một c&aacute;ch đ&aacute;ng kể. ADL - H118 sở hữu headband kh&aacute; rộng v&agrave; trải đều mang lại cảm gi&aacute;c v&ocirc; c&ugrave;ng thoải m&aacute;i khi sử dụng.Những sự kết hợp tuyệt vời tr&ecirc;n gi&uacute;p ADL - H118 mang &acirc;m nhạc trở n&ecirc;n gần gũi hơn bao giờ hết.</li>\r\n <li><em>Furutech Pure Transmission</em>&nbsp;: l&agrave; tổ hợp của h&agrave;ng loạt c&ocirc;ng nghệ ưu việt : thiết kế chống ồn, m&agrave;ng driver 40mm c&ugrave;ng một nam ch&acirc;m từ t&iacute;nh cao ( Alpha &ndash;Cryo magnet ), một v&ograve;ng đệm đặc biệt để l&agrave;m c&aacute;c &acirc;m tần số cao trở n&ecirc;n dễ chịu, voice-coil l&agrave;m từ nh&ocirc;m được mạ đồng c&oacute; trọng lượng si&ecirc;u nhẹ; điều n&agrave;y nhằm tăng t&iacute;nh mềm mại, linh hoạt của m&agrave;ng driver.</li>\r\n <li>ADL - H118 rất dễ d&agrave;ng phối gh&eacute;p với c&aacute;c thiết bị kh&aacute;c,bạn c&oacute; thể kết hợp n&oacute; với c&aacute;c sản phẩm của ADL như : Alpha Design Labs Esprit v&agrave; GT40 USB DAC/Preamplifiers hoặc với Stride /Cruise Portable Headphone Amplifiers ,thậm ch&iacute; với bất cứ hệ thống n&agrave;o th&igrave; ADL H118 cũng đều thể hiện tốt ,gi&uacute;p bạn cảm nhận &acirc;m thanh một c&aacute;ch chi tiết v&agrave; trung thực nhất</li>\r\n</ul>\r\n', '<ul>\r\n  <li>M&agrave;n h&igrave;nh:\r\n <p><a href=\"https://www.thegioididong.com/tin-tuc/loai-man-hinh-tft-lcd-amoled-la-gi--592346#ledbacklitipslcd\" target=\"_blank\">LED-backlit IPS LCD</a>, 4&quot;,&nbsp;<a href=\"https://www.thegioididong.com/tin-tuc/loai-man-hinh-tft-lcd-amoled-la-gi--592346#dvga\" target=\"_blank\">DVGA</a></p>\r\n  </li>\r\n <li>Hệ điều h&agrave;nh:\r\n  <p><a href=\"https://www.thegioididong.com/tin-tuc/he-dieu-hanh-ios-la-gi--592559#ios7x\" target=\"_blank\">iOS 7.0</a></p>\r\n </li>\r\n <li>Camera sau:\r\n <p>8 MP</p>\r\n </li>\r\n <li>Camera trước:\r\n <p>1.2 MP</p>\r\n </li>\r\n <li>CPU:\r\n  <p><a href=\"https://www.thegioididong.com/tin-tuc/tim-hieu-ve-chip-xu-ly-danh-cho-di-dong-cua-apple-592848#applea7\" target=\"_blank\">Apple A7 2 nh&acirc;n 64-bit</a>, 1.3 GHz</p>\r\n </li>\r\n <li>Bộ nhớ trong:\r\n <p>32 GB</p>\r\n  </li>\r\n <li>Hỗ trợ thẻ nhớ:\r\n <p>Kh&ocirc;ng, Kh&ocirc;ng</p>\r\n </li>\r\n <li>Thẻ SIM:\r\n  <p>1 Sim,&nbsp;<a href=\"https://www.thegioididong.com/tin-tuc/tim-hieu-cac-loai-sim-thong-dung-sim-thuong-micro--590216#nanosim\" target=\"_blank\">Nano SIM</a></p>\r\n </li>\r\n <li>Dung lượng pin:\r\n <p>1560 mAh</p>\r\n </li>\r\n <li>Thiết kế:\r\n <p><a href=\"https://www.thegioididong.com/tin-tuc/tim-hieu-cac-kieu-thiet-ke-tren-di-dong-va-may-tin-597153#nguyenkhoi\" target=\"_blank\">Nguy&ecirc;n khối</a></p>\r\n </li>\r\n</ul>\r\n', '<p>Sản phẩm đẹp, chất lượng bảo h&agrave;nh tốt</p>\r\n', '<p>&nbsp;</p>\r\n\r\n<p>Video sản phẩm:</p>\r\n\r\n<p><a href=\"javascript:void(\'Cut\')\" onclick=\"CKEDITOR.tools.callFunction(372,this);return false;\">&nbsp;</a><a href=\"javascript:void(\'Copy\')\" onclick=\"CKEDITOR.tools.callFunction(375,this);return false;\">&nbsp;</a><a href=\"javascript:void(\'Paste\')\" onclick=\"CKEDITOR.tools.callFunction(378,this);return false;\">&nbsp;</a><a href=\"javascript:void(\'Paste as plain text\')\" onclick=\"CKEDITOR.tools.callFunction(381,this);return false;\">&nbsp;</a><a href=\"javascript:void(\'Paste from Word\')\" onclick=\"CKEDITOR.tools.callFunction(384,this);return false;\">&nbsp;</a><a href=\"javascript:void(\'Undo\')\" onclick=\"CKEDITOR.tools.callFunction(387,this);return false;\">&nbsp;</a><a href=\"javascript:void(\'Redo\')\" onclick=\"CKEDITOR.tools.callFunction(390,this);return false;\">&nbsp;</a><a href=\"javascript:void(\'Spell Checker\')\" onclick=\"CKEDITOR.tools.callFunction(393,this);return false;\">&nbsp;</a><a href=\"javascript:void(\'Link\')\" onclick=\"CKEDITOR.tools.callFunction(396,this);return false;\">&nbsp;</a><a href=\"javascript:void(\'Unlink\')\" onclick=\"CKEDITOR.tools.callFunction(399,this);return false;\">&nbsp;</a><a href=\"javascript:void(\'Anchor\')\" onclick=\"CKEDITOR.tools.callFunction(402,this);return false;\">&nbsp;</a><a href=\"javascript:void(\'Image\')\" onclick=\"CKEDITOR.tools.callFunction(405,this);return false;\">&nbsp;</a><a href=\"javascript:void(\'Table\')\" onclick=\"CKEDITOR.tools.callFunction(408,this);return false;\">&nbsp;</a><a href=\"javascript:void(\'Insert Horizontal Line\')\" onclick=\"CKEDITOR.tools.callFunction(411,this);return false;\">&nbsp;</a><a href=\"javascript:void(\'Insert Special Character\')\" onclick=\"CKEDITOR.tools.callFunction(414,this);return false;\">&nbsp;</a><a href=\"javascript:void(\'Maximize\')\" onclick=\"CKEDITOR.tools.callFunction(417,this);return false;\">&nbsp;</a><a href=\"javascript:void(\'Source\')\" onclick=\"CKEDITOR.tools.callFunction(420,this);return false;\">&nbsp;Source</a><a href=\"javascript:void(\'Bold\')\" onclick=\"CKEDITOR.tools.callFunction(423,this);return false;\">&nbsp;</a><a href=\"javascript:void(\'Italic\')\" onclick=\"CKEDITOR.tools.callFunction(426,this);return false;\">&nbsp;</a><a href=\"javascript:void(\'Strikethrough\')\" onclick=\"CKEDITOR.tools.callFunction(429,this);return false;\">&nbsp;</a><a href=\"javascript:void(\'Remove Format\')\" onclick=\"CKEDITOR.tools.callFunction(432,this);return false;\">&nbsp;</a><a href=\"javascript:void(\'Insert/Remove Numbered List\')\" onclick=\"CKEDITOR.tools.callFunction(435,this);return false;\">&nbsp;</a><a href=\"javascript:void(\'Insert/Remove Bulleted List\')\" onclick=\"CKEDITOR.tools.callFunction(438,this);return false;\">&nbsp;</a><a href=\"javascript:void(\'Decrease Indent\')\" onclick=\"CKEDITOR.tools.callFunction(441,this);return false;\">&nbsp;</a><a href=\"javascript:void(\'Increase Indent\')\" onclick=\"CKEDITOR.tools.callFunction(444,this);return false;\">&nbsp;</a><a href=\"javascript:void(\'Block Quote\')\" onclick=\"CKEDITOR.tools.callFunction(447,this);return false;\">&nbsp;</a><a href=\"javascript:void(\'Formatting Styles\')\" onclick=\"CKEDITOR.tools.callFunction(448,this);return false;\">Styles</a><a href=\"javascript:void(\'Paragraph Format\')\" onclick=\"CKEDITOR.tools.callFunction(451,this);return false;\">Normal</a><a href=\"javascript:void(\'About CKEditor\')\" onclick=\"CKEDITOR.tools.callFunction(456,this);return false;\">&nbsp;</a></p>\r\n', '<p>Phản hồi kh&aacute;ch h&agrave;ng:</p>\r\n', '<p>Ghi ch&uacute;:</p>\r\n', '<p>SEO - M&ocirc; tả:</p>\r\n', 'tai nghe urbeats, tai nghe rose gold, tai nghe xịn', 'N', '2016-05-08 14:32:39', '2016-05-08 14:32:39');
INSERT INTO `products` VALUES ('9', '1111111111', 'AKG K420 (Light Blue)', '1', ' 990.000 ₫', '', '121', 'AKG, K420, 3KShop, Portable, Fodable', 'Thương Hiệu Khác,EARS-BUDS,Theo Nhu Cầu', '2019-05-08', 'Còn hàng', '<h3><strong>Alpha Triform Contour Earcups&trade;</strong></h3>\r\n\r\n<ul>\r\n <li>Triform Earcups c&oacute; thiết kế đặc biệt gi&uacute;p bao trọn v&agrave;nh tai nhằm cải thiện &acirc;m bass so với những thiết kế kh&aacute;c . Triform Contour cũng l&agrave;m hạn chế hiện tượng phản xạ &acirc;m gi&uacute;p giảm sự m&eacute;o tiếng một c&aacute;ch đ&aacute;ng kể. ADL - H118 sở hữu headband kh&aacute; rộng v&agrave; trải đều mang lại cảm gi&aacute;c v&ocirc; c&ugrave;ng thoải m&aacute;i khi sử dụng.Những sự kết hợp tuyệt vời tr&ecirc;n gi&uacute;p ADL - H118 mang &acirc;m nhạc trở n&ecirc;n gần gũi hơn bao giờ hết.</li>\r\n <li><em>Furutech Pure Transmission</em>&nbsp;: l&agrave; tổ hợp của h&agrave;ng loạt c&ocirc;ng nghệ ưu việt : thiết kế chống ồn, m&agrave;ng driver 40mm c&ugrave;ng một nam ch&acirc;m từ t&iacute;nh cao ( Alpha &ndash;Cryo magnet ), một v&ograve;ng đệm đặc biệt để l&agrave;m c&aacute;c &acirc;m tần số cao trở n&ecirc;n dễ chịu, voice-coil l&agrave;m từ nh&ocirc;m được mạ đồng c&oacute; trọng lượng si&ecirc;u nhẹ; điều n&agrave;y nhằm tăng t&iacute;nh mềm mại, linh hoạt của m&agrave;ng driver.</li>\r\n <li>ADL - H118 rất dễ d&agrave;ng phối gh&eacute;p với c&aacute;c thiết bị kh&aacute;c,bạn c&oacute; thể kết hợp n&oacute; với c&aacute;c sản phẩm của ADL như : Alpha Design Labs Esprit v&agrave; GT40 USB DAC/Preamplifiers hoặc với Stride /Cruise Portable Headphone Amplifiers ,thậm ch&iacute; với bất cứ hệ thống n&agrave;o th&igrave; ADL H118 cũng đều thể hiện tốt ,gi&uacute;p bạn cảm nhận &acirc;m thanh một c&aacute;ch chi tiết v&agrave; trung thực nhất</li>\r\n</ul>\r\n', '<h3><strong>Alpha Triform Contour Earcups&trade;</strong></h3>\r\n\r\n<ul>\r\n  <li>Triform Earcups c&oacute; thiết kế đặc biệt gi&uacute;p bao trọn v&agrave;nh tai nhằm cải thiện &acirc;m bass so với những thiết kế kh&aacute;c . Triform Contour cũng l&agrave;m hạn chế hiện tượng phản xạ &acirc;m gi&uacute;p giảm sự m&eacute;o tiếng một c&aacute;ch đ&aacute;ng kể. ADL - H118 sở hữu headband kh&aacute; rộng v&agrave; trải đều mang lại cảm gi&aacute;c v&ocirc; c&ugrave;ng thoải m&aacute;i khi sử dụng.Những sự kết hợp tuyệt vời tr&ecirc;n gi&uacute;p ADL - H118 mang &acirc;m nhạc trở n&ecirc;n gần gũi hơn bao giờ hết.</li>\r\n <li><em>Furutech Pure Transmission</em>&nbsp;: l&agrave; tổ hợp của h&agrave;ng loạt c&ocirc;ng nghệ ưu việt : thiết kế chống ồn, m&agrave;ng driver 40mm c&ugrave;ng một nam ch&acirc;m từ t&iacute;nh cao ( Alpha &ndash;Cryo magnet ), một v&ograve;ng đệm đặc biệt để l&agrave;m c&aacute;c &acirc;m tần số cao trở n&ecirc;n dễ chịu, voice-coil l&agrave;m từ nh&ocirc;m được mạ đồng c&oacute; trọng lượng si&ecirc;u nhẹ; điều n&agrave;y nhằm tăng t&iacute;nh mềm mại, linh hoạt của m&agrave;ng driver.</li>\r\n <li>ADL - H118 rất dễ d&agrave;ng phối gh&eacute;p với c&aacute;c thiết bị kh&aacute;c,bạn c&oacute; thể kết hợp n&oacute; với c&aacute;c sản phẩm của ADL như : Alpha Design Labs Esprit v&agrave; GT40 USB DAC/Preamplifiers hoặc với Stride /Cruise Portable Headphone Amplifiers ,thậm ch&iacute; với bất cứ hệ thống n&agrave;o th&igrave; ADL H118 cũng đều thể hiện tốt ,gi&uacute;p bạn cảm nhận &acirc;m thanh một c&aacute;ch chi tiết v&agrave; trung thực nhất</li>\r\n</ul>\r\n', '', '<h3><strong>Alpha Triform Contour Earcups&trade;</strong></h3>\r\n\r\n<ul>\r\n  <li>Triform Earcups c&oacute; thiết kế đặc biệt gi&uacute;p bao trọn v&agrave;nh tai nhằm cải thiện &acirc;m bass so với những thiết kế kh&aacute;c . Triform Contour cũng l&agrave;m hạn chế hiện tượng phản xạ &acirc;m gi&uacute;p giảm sự m&eacute;o tiếng một c&aacute;ch đ&aacute;ng kể. ADL - H118 sở hữu headband kh&aacute; rộng v&agrave; trải đều mang lại cảm gi&aacute;c v&ocirc; c&ugrave;ng thoải m&aacute;i khi sử dụng.Những sự kết hợp tuyệt vời tr&ecirc;n gi&uacute;p ADL - H118 mang &acirc;m nhạc trở n&ecirc;n gần gũi hơn bao giờ hết.</li>\r\n</ul>\r\n', '<ul>\r\n  <li><em>Furutech Pure Transmission</em>&nbsp;: l&agrave; tổ hợp của h&agrave;ng loạt c&ocirc;ng nghệ ưu việt : thiết kế chống ồn, m&agrave;ng driver 40mm c&ugrave;ng một nam ch&acirc;m từ t&iacute;nh cao ( Alpha &ndash;Cryo magnet ), một v&ograve;ng đệm đặc biệt để l&agrave;m c&aacute;c &acirc;m tần số cao trở n&ecirc;n dễ chịu, voice-coil l&agrave;m từ nh&ocirc;m được mạ đồng c&oacute; trọng lượng si&ecirc;u nhẹ; điều n&agrave;y nhằm tăng t&iacute;nh mềm mại, linh hoạt của m&agrave;ng driver.</li>\r\n <li>ADL - H118 rất dễ d&agrave;ng phối gh&eacute;p với c&aacute;c thiết bị kh&aacute;c,bạn c&oacute; thể kết hợp n&oacute; với c&aacute;c sản phẩm của ADL như : Alpha Design Labs Esprit v&agrave; GT40 USB DAC/Preamplifiers hoặc với Stride /Cruise Portable Headphone Amplifiers ,thậm ch&iacute; với bất cứ hệ thống n&agrave;o th&igrave; ADL H118 cũng đều thể hiện tốt ,gi&uacute;p bạn cảm nhận &acirc;m thanh một c&aacute;ch chi tiết v&agrave; trung thực nhất</li>\r\n</ul>\r\n', '<ul>\r\n  <li><em>Furutech Pure Transmission</em>&nbsp;: l&agrave; tổ hợp của h&agrave;ng loạt c&ocirc;ng nghệ ưu việt : thiết kế chống ồn, m&agrave;ng driver 40mm c&ugrave;ng một nam ch&acirc;m từ t&iacute;nh cao ( Alpha &ndash;Cryo magnet ), một v&ograve;ng đệm đặc biệt để l&agrave;m c&aacute;c &acirc;m tần số cao trở n&ecirc;n dễ chịu, voice-coil l&agrave;m từ nh&ocirc;m được mạ đồng c&oacute; trọng lượng si&ecirc;u nhẹ; điều n&agrave;y nhằm tăng t&iacute;nh mềm mại, linh hoạt của m&agrave;ng driver.</li>\r\n</ul>\r\n', '<p>reamplifiers hoặc với Stride /Cruise Portable Headphone Amplifiers ,thậm ch&iacute; với bất cứ hệ thống n&agrave;o th&igrave; ADL H118 cũng đều thể hiện tốt ,gi&uacute;p bạn cảm nhận &acirc;m thanh m</p>\r\n', '<ul>\r\n  <li><em>Furutech Pure Transmission</em>&nbsp;: l&agrave; tổ hợp của h&agrave;ng loạt c&ocirc;ng nghệ ưu việt : thiết kế chống ồn, m&agrave;ng driver 40mm c&ugrave;ng một nam ch&acirc;m từ t&iacute;nh cao ( Alpha &ndash;Cryo magnet ), một v&ograve;ng đệm đặc biệt để l&agrave;m c&aacute;c &acirc;m tần số cao trở n&ecirc;n dễ chịu, voice-coil l&agrave;m từ nh&ocirc;m được mạ đồng c&oacute; trọng lượng si&ecirc;u nhẹ; điều n&agrave;y nhằm tăng t&iacute;nh mềm mại, linh hoạt của m&agrave;ng driver.</li>\r\n <li>ADL - H118 rất dễ d&agrave;ng phối gh&eacute;p với c&aacute;c thiết bị kh&aacute;c,bạn c&oacute; thể kết hợp n&oacute; với c&aacute;c sản phẩm của ADL như : Alpha Design Labs Esprit v&agrave; GT40 USB DAC/Preamplifiers hoặc với Stride /Cruise Portable Headphone Amplifiers ,thậm ch&iacute; với bất cứ hệ thống n&agrave;o th&igrave; ADL H118 cũng đều thể hiện tốt ,gi&uacute;p bạn cảm nhận &acirc;m thanh một c&aacute;ch chi tiết v&agrave; trung thực nhất</li>\r\n</ul>\r\n', 'AKG, K420, 3KShop, Portable, Fodable', 'N', '2016-05-08 17:12:27', '2016-05-08 17:12:27');
INSERT INTO `products` VALUES ('10', '12h34', '12h34', '1', '2.700.000 ₫', '2.200.000 ₫', '123', 'The Supremacy, Better Than Any Other Sound, high fidelity Burr-Brown', 'IN-EARS,OVER_EARS,MICRO,BASS,High end', '2018-05-09', 'Còn hàng', '<p>THIẾT KẾ DJ</p>\r\n\r\n<p>Tai nghe Beats Mixr ch&iacute;nh h&atilde;ng&nbsp;được thiết kế bởi Dr. Dre l&agrave; một tai nghe cao cấp d&agrave;nh cho những DJ chuy&ecirc;n nghiệp. Với phần ốp tai c&oacute; thể lật ngược, c&aacute;p c&oacute; thể th&aacute;o rời v&agrave; đặc biệt giắc cắm tai nghe kh&ocirc;ng chỉ l&agrave; đầu v&agrave;o &acirc;m thanh m&agrave; c&ograve;n c&oacute; thể hoạt động như một đầu ra để chia sẻ &acirc;m thanh với bạn b&egrave;.</p>\r\n', '<p>&Acirc;M THANH THUẦN KHIẾT</p>\r\n\r\n<p>Tai nghe Beats Mixr&nbsp;Với khả năng c&aacute;ch &acirc;m đến tuyệt đối, gi&uacute;p bạn c&oacute; thể trải nghiệm 100% c&ocirc;ng suất &acirc;m thanh d&ugrave; ở đ&aacute;m đ&ocirc;ng, tr&ecirc;n đường, hoặc bất kỳ đ&acirc;u&hellip; đều kh&ocirc;ng l&agrave;m ảnh hưởng đến việc thưởng thức &acirc;m thanh của ri&ecirc;ng bạn.&nbsp;Tai nghe được trang bị&nbsp;hệ thống &acirc;m thanh si&ecirc;u ph&acirc;n luồng&nbsp;đem bạn đến với thế giới của những&nbsp;bản thu DJ chất lượng cao&nbsp;lần đầu ti&ecirc;n được sử dụng tr&ecirc;n một chiếc&nbsp;Headphones&nbsp;cao cấp của h&atilde;ng Beats. Beats Mixr l&agrave; lựa chọn số 1 cho những DJ nổi tiếng h&agrave;ng đầu</p>\r\n', '<p>Beats Mixr l&agrave; lựa chọn số 1 cho những DJ nổi tiếng h&agrave;ng đầu</p>\r\n', '<p>Tai nghe Beats Mixr&nbsp;Với khả năng c&aacute;ch &acirc;m đến tuyệt đối, gi&uacute;p bạn c&oacute; thể trải nghiệm 100% c&ocirc;ng suất &acirc;m thanh d&ugrave; ở đ&aacute;m đ&ocirc;ng, tr&ecirc;n đường, hoặc bất kỳ đ&acirc;u&hellip;</p>\r\n', '<p>&Acirc;M THANH THUẦN KHIẾT</p>\r\n', '<p>&Acirc;M THANH THUẦN KHIẾT</p>\r\n\r\n<p>Tai nghe Beats Mixr&nbsp;Với khả năng c&aacute;ch &acirc;m đến tuyệt đối, gi&uacute;p bạn c&oacute; thể trải nghiệm 100% c&ocirc;ng suất &acirc;m thanh d&ugrave; ở đ&aacute;m đ&ocirc;ng, tr&ecirc;n đường, hoặc bất kỳ đ&acirc;u&hellip; đều kh&ocirc;ng l&agrave;m ảnh hưởng đến việc thưởng thức &acirc;m thanh của ri&ecirc;ng bạn.&nbsp;Tai nghe được trang bị&nbsp;hệ thống &acirc;m thanh si&ecirc;u ph&acirc;n luồng&nbsp;đem bạn đến với thế giới của những&nbsp;bản thu DJ chất lượng cao&nbsp;lần đầu ti&ecirc;n được sử dụng tr&ecirc;n một chiếc&nbsp;Headphones&nbsp;cao cấp của h&atilde;ng Beats. Beats Mixr l&agrave; lựa chọn số 1 cho những DJ nổi tiếng h&agrave;ng đầu</p>\r\n', '<p>&Acirc;M THANH THUẦN KHIẾT</p>\r\n\r\n<p>Tai nghe Beats Mixr&nbsp;Với khả năng c&aacute;ch &acirc;m đến tuyệt đối, gi&uacute;p bạn c&oacute; thể trải nghiệm 100% c&ocirc;ng suất &acirc;m thanh d&ugrave; ở đ&aacute;m đ&ocirc;ng, tr&ecirc;n đường, hoặc bất kỳ đ&acirc;u&hellip; đều kh&ocirc;ng l&agrave;m ảnh hưởng đến việc thưởng thức &acirc;m thanh của ri&ecirc;ng bạn.&nbsp;Tai nghe được trang bị&nbsp;hệ thống &acirc;m thanh si&ecirc;u ph&acirc;n luồng&nbsp;đem bạn đến với thế giới của những&nbsp;bản thu DJ chất lượng cao&nbsp;lần đầu ti&ecirc;n được sử dụng tr&ecirc;n một chiếc&nbsp;Headphones&nbsp;cao cấp của h&atilde;ng Beats. Beats Mixr l&agrave; lựa chọn số 1 cho những DJ nổi tiếng h&agrave;ng đầu</p>\r\n', '<p>&Acirc;M THANH THUẦN KHIẾT</p>\r\n\r\n<p>Tai nghe Beats Mixr&nbsp;Với khả năng c&aacute;ch &acirc;m đến tuyệt đối, gi&uacute;p bạn c&oacute; thể trải nghiệm 100% c&ocirc;ng suất &acirc;m thanh d&ugrave; ở đ&aacute;m đ&ocirc;ng, tr&ecirc;n đường, hoặc bất kỳ đ&acirc;u&hellip; đều kh&ocirc;ng l&agrave;m ảnh hưởng đến việc thưởng thức &acirc;m thanh của ri&ecirc;ng bạn.&nbsp;Tai nghe được trang bị&nbsp;hệ thống &acirc;m thanh si&ecirc;u ph&acirc;n luồng&nbsp;đem bạn đến với thế giới của những&nbsp;bản thu DJ chất lượng cao&nbsp;lần đầu ti&ecirc;n được sử dụng tr&ecirc;n một chiếc&nbsp;Headphones&nbsp;cao cấp của h&atilde;ng Beats. Beats Mixr l&agrave; lựa chọn số 1 cho những DJ nổi tiếng h&agrave;ng đầu</p>\r\n', 'The Supremacy, Better Than Any Other Sound, high fidelity Burr-Brown', 'N', '2016-05-08 19:35:59', '2016-05-08 19:35:59');
INSERT INTO `products` VALUES ('11', 'hello 134', 'hello', '1', '21.000.000 ₫', '21.000.000 ₫', '32', 'The Supremacy, Better Than Any Other Sound, high fidelity Burr-Brown', 'Nhà sản xuất ,Sony,Thương Hiệu Khác,Chống Ồn,Chống Nước,Theo Nhu Cầu,Phòng Thu,TV / Xem Phim,AUDIOPHILE', '2018-05-09', 'Còn hàng', '<ul>\r\n  <li>Triform Earcups c&oacute; thiết kế đặc biệt gi&uacute;p bao trọn v&agrave;nh tai nhằm cải thiện &acirc;m bass so với những thiết kế kh&aacute;c . Triform Contour cũng l&agrave;m hạn chế hiện tượng phản xạ &acirc;m gi&uacute;p giảm sự m&eacute;o tiếng một c&aacute;ch đ&aacute;ng kể. ADL - H118 sở hữu headband kh&aacute; rộng v&agrave; trải đều mang lại cảm gi&aacute;c v&ocirc; c&ugrave;ng thoải m&aacute;i khi sử dụng.Những sự kết hợp tuyệt vời tr&ecirc;n gi&uacute;p ADL - H118 mang &acirc;m nhạc trở n&ecirc;n gần gũi hơn bao giờ hết.</li>\r\n</ul>\r\n', '<p><em>Furutech Pure Transmission</em>&nbsp;: l&agrave; tổ hợp của h&agrave;ng loạt c&ocirc;ng nghệ ưu việt : thiết kế chống ồn, m&agrave;ng driver 40mm c&ugrave;ng một nam ch&acirc;m từ t&iacute;nh cao ( Alpha &ndash;Cryo magnet ), một v&ograve;ng đệm đặc biệt để l&agrave;m c&aacute;c &acirc;m tần số cao trở n&ecirc;n dễ chịu, voice-coil l&agrave;m từ nh&ocirc;m được mạ đồng c&oacute; trọng lượng si&ecirc;u nhẹ</p>\r\n', '<p><em>Furutech Pure Transmission</em></p>\r\n', '<p><em>M</em>ột v&ograve;ng đệm đặc biệt để l&agrave;m c&aacute;c &acirc;m tần số cao trở n&ecirc;n dễ chịu, voice-coil l&agrave;m từ nh&ocirc;m được mạ đồng c&oacute; trọng lượng si&ecirc;u nhẹ</p>\r\n', '<p><em>Furutech Pure Transmission</em>&nbsp;: l&agrave; tổ hợp của h&agrave;ng loạt c&ocirc;ng nghệ ưu việt</p>\r\n', '<p>11111111111111111111</p>\r\n', '<p>222222222222</p>\r\n', '<p>33333333333</p>\r\n', 'The Supremacy, Better Than Any Other Sound, high fidelity Burr-Brown', 'N', '2016-05-08 19:40:52', '2016-06-16 20:16:59');
INSERT INTO `products` VALUES ('12', '123', '113', '1', ' 990.000 ₫', ' 990.000 ₫', '134', 'abc, hung, hungb4by', 'Chống Nước,DJ', '2016-06-13', 'Còn hàng', '<p>q</p>\r\n', '<p><img alt=\"beats solo 2 wireless gold 01\" src=\"http://plantronicschinhhang.com/wp-content/uploads/beats-solo-2-wireless-gold-01.jpg\" style=\"height:720px; width:960px\" /></p>\r\n\r\n<p><img alt=\"Beats-Solo2-Wireless-Apple-Colors\" src=\"http://plantronicschinhhang.com/wp-content/uploads/Beats-Solo2-Wireless-Apple-Colors.jpg\" style=\"height:600px; width:980px\" /></p>\r\n\r\n<h2><strong>Thiết kế của tương lai</strong></h2>\r\n\r\n<p>Tai nghe <strong>Beats Solo 2 Wireless</strong> c&oacute;&nbsp;chất lượng ho&agrave;n thiện sản phẩm tốt, thiết kế tinh tế, miếng đệm si&ecirc;u nhẹ đeo rất &ecirc;m tai.Tai nghe sử dụng c&ocirc;ng nghệ <strong>Bluetooth 4.0</strong> mới nhất, kết nối trong phạm vi 10m với thời lượng pin l&ecirc;n đến 12 giờ.</p>\r\n\r\n<p>Tương th&iacute;ch ho&agrave;n to&agrave;n thiết bị ph&aacute;t nhạc ipod, iphone, ipad. Kết nối dễ d&agrave;ng với c&aacute;c thiết bị m&aacute;y nghe nhạc, điện thoại di động, laptop, pc,&hellip; Chất &acirc;m tinh tế ph&ugrave; hợp với nhiều d&ograve;ng nhạc pop, dance, hihop, trữ t&igrave;nh,&hellip;</p>\r\n\r\n<h2><strong>Kết nối th&ocirc;ng minh</strong></h2>\r\n\r\n<p>Tai nghe&nbsp;<strong>Beats&nbsp;Solo2</strong> Wireless l&agrave; sản phẩm mới đầu ti&ecirc;n được ph&aacute;t h&agrave;nh bởi Beats kể từ khi trở th&agrave;nh một phần của <strong>Apple</strong> sau thương vụ 3 tỷ $. C&aacute;c tai nghe mới được thiết lập sẽ c&oacute; sẵn c&aacute;c bản m&agrave;u đỏ, đen, trắng, xanh, gray, gold, silver.</p>\r\n\r\n<p>Với c&ocirc;ng nghệ Bluetooth mới nhất , Beats Solo2 Wireless cho ph&eacute;p di chuyển tự do trong v&ograve;ng 30 feet(c&aacute;ch xa nguồn ph&aacute;t 10m). Người d&ugrave;ng c&oacute; thể nhận cuộc gọi, bỏ qua c&aacute;c b&agrave;i h&aacute;t, v&agrave; thay đổi &acirc;m lượng bằng c&aacute;ch sử dụng n&uacute;t &ldquo;b&rdquo; v&agrave; n&uacute;t &acirc;m lượng tr&ecirc;n cốc tai.</p>\r\n\r\n<p><img alt=\"Beats-Solo2-Wireless-Apple-Colors2\" src=\"http://plantronicschinhhang.com/wp-content/uploads/Beats-Solo2-Wireless-Apple-Colors2.jpg\" style=\"height:500px; width:500px\" /></p>\r\n\r\n<p><img alt=\"Tai nghe Beats Solo 2 wireless Gold (5)\" src=\"http://plantronicschinhhang.com/wp-content/uploads/Tai-nghe-Beats-Solo-2-wireless-Gold-5.jpg\" style=\"height:1342px; width:1419px\" /></p>\r\n\r\n<h2><strong>Thời lượng pin khủng</strong></h2>\r\n\r\n<p>Pin của tai nghe beats solo2 wireless c&oacute; thể d&ugrave;ng li&ecirc;n tục trong v&ograve;ng 12 tiếng. Quả l&agrave; một con số c&oacute; thể l&agrave;m h&agrave;i l&ograve;ng nhiều người khi chơi một tai nghe over ear kh&ocirc;ng d&acirc;y. &Ocirc;ng Luke Wood người đứng đầu của Beats n&oacute;i &ldquo;Tai nghe beats solo 2 l&agrave; một tai nghe đẳng cấp của thế giới, được nhiều người khen ngợi v&igrave; chất &acirc;m của n&oacute;. V&agrave; b&acirc;y giờ n&oacute; gia nhập gia đ&igrave;nh tai nghe kh&ocirc;ng d&acirc;y.&rdquo;</p>\r\n\r\n<p>Beats solo2 wireless được trang bị th&ecirc;m 1 c&aacute;p để sử dụng khi bluetooth kh&ocirc;ng thể kết nối (hết pin) hoặc người nghe muốn chất lượng &acirc;m thanh hay hơn.</p>\r\n\r\n<h2><strong>UNBOXED</strong></h2>\r\n\r\n<p>-Tai nghe Solo 2 Wireless<br />\r\n&ndash; Bao đựng: 1<br />\r\n&ndash; D&acirc;y controltalk: 1<br />\r\n&ndash; D&acirc;y micro USB 2.0: 1<br />\r\n&ndash; S&aacute;ch&nbsp;HDSD: 1<br />\r\n&ndash; Trọng lượng: 215 g<br />\r\n&ndash; Chiều cao: 198mm<br />\r\n&ndash; Jack: 3.5mm<br />\r\n&ndash; Chiều d&agrave;i: 1.361 m</p>\r\n\r\n<p><img alt=\"Tai nghe Beats Solo 2 wireless Red (1)\" src=\"http://plantronicschinhhang.com/wp-content/uploads/Tai-nghe-Beats-Solo-2-wireless-Red-1.png\" style=\"height:500px; width:1500px\" /></p>\r\n\r\n<p><img alt=\"Tai nghe Beats solo 2 wireless White (6)\" src=\"http://plantronicschinhhang.com/wp-content/uploads/Tai-nghe-Beats-solo-2-wireless-White-6.jpg\" style=\"height:1369px; width:1467px\" /></p>\r\n\r\n<p><img alt=\"Tai nghe Beats Solo 2 wireless Black (6)\" src=\"http://plantronicschinhhang.com/wp-content/uploads/Tai-nghe-Beats-Solo-2-wireless-Black-6.jpg\" style=\"height:1374px; width:1305px\" /></p>\r\n\r\n<p><img alt=\"Tai nghe Beats Solo 2 Red (9)\" src=\"http://plantronicschinhhang.com/wp-content/uploads/Tai-nghe-Beats-Solo-2-Red-9.jpg\" style=\"height:1355px; width:1403px\" /></p>\r\n\r\n<p><img alt=\"Tai nghe Beats Solo 2 Blue (9)\" src=\"http://plantronicschinhhang.com/wp-content/uploads/Tai-nghe-Beats-Solo-2-Blue-9.jpg\" style=\"height:1372px; width:1542px\" /></p>\r\n\r\n<p><img alt=\"Tai nghe Beats Solo 2 wireless Silver (3)\" src=\"http://plantronicschinhhang.com/wp-content/uploads/Tai-nghe-Beats-Solo-2-wireless-Silver-3.jpg\" style=\"height:1336px; width:1539px\" /></p>\r\n\r\n<p><img alt=\"Tai nghe Beats Solo 2 wireless Space Gray (2)\" src=\"http://plantronicschinhhang.com/wp-content/uploads/Tai-nghe-Beats-Solo-2-wireless-Space-Gray-2.jpg\" style=\"height:1187px; width:1293px\" /></p>\r\n', '<p>ewr</p>\r\n', '<h3>ĐẲNG CẤP PH&Ograve;NG THU.</h3>\r\n\r\n<ul>\r\n <li>&Acirc;m thanh đ&aacute;p ứng được ti&ecirc;u chuẩn c&aacute;c ph&ograve;ng thu hiện đại. Một sự lựa chọn tuyệt vời cho c&aacute;c d&ograve;ng nhạc s&ocirc;i động, tươi trẻ hiện nay.</li>\r\n</ul>\r\n\r\n<h3>&Acirc;M CAO TRONG TRẺO V&Agrave; TIẾNG BASS UY LỰC</h3>\r\n\r\n<ul>\r\n  <li>Vỏ ngo&agrave;i tai nghe l&agrave;m từ nh&ocirc;m v&agrave; th&eacute;p, gi&uacute;p &acirc;m bass trở n&ecirc;n chắc khỏe, mạnh mẽ v&agrave; &acirc;m cao r&otilde; r&agrave;ng, trong vắt.</li>\r\n</ul>\r\n\r\n<h3>THIẾT KẾ SANG TRỌNG, HIỆN ĐẠI</h3>\r\n\r\n<ul>\r\n  <li>Với một sản phẩm cao cấp như Beats Pro, Monster kh&ocirc;ng cho sử dụng bất kỳ chi tiết n&agrave;o bằng nhựa, tất cả c&aacute;c khớp nối v&agrave; khung tai nghe đều l&agrave;m từ kim loại. Ngay cả d&acirc;y dẫn cũng c&oacute; lớp bọc ngo&agrave;i đẹp v&agrave; bền.</li>\r\n</ul>\r\n\r\n<h3>KHẢ NĂNG CHỐNG ỒN HIỆU QUẢ</h3>\r\n\r\n<ul>\r\n <li>Beats Pro l&agrave; một tai nghe chống ồn thụ động với lớp bọc da của phần ốp tai rất d&agrave;y v&agrave; &ecirc;m &aacute;i, gi&uacute;p &ocirc;m trọn v&agrave;nh tai v&agrave; tạo ra một kh&ocirc;ng gian nghe nhạc y&ecirc;n tĩnh tuyệt đối</li>\r\n</ul>\r\n\r\n<h3>Beats Pro&trade; on ear headphones</h3>\r\n\r\n<table>\r\n <tbody>\r\n   <tr>\r\n      <td><strong>&nbsp;Cable</strong></td>\r\n     <td>\r\n      <ul>\r\n        <li>4.2mm coiled cable with 3.5mm twist lock plug</li>\r\n        <li>In-line remote &amp; mic cable (features may vary)</li>\r\n     </ul>\r\n     </td>\r\n   </tr>\r\n   <tr>\r\n      <td>&nbsp;<strong>Adapter</strong></td>\r\n     <td>&nbsp;&frac14;&quot; audio adapter</td>\r\n   </tr>\r\n   <tr>\r\n      <td>&nbsp;<strong>Accessories</strong></td>\r\n     <td>\r\n      <ul>\r\n        <li>Carrying pouch</li>\r\n       <li>Beats cleaning cloth</li>\r\n     </ul>\r\n     </td>\r\n   </tr>\r\n   <tr>\r\n      <td><strong>&nbsp;Weight (kg)</strong></td>\r\n     <td>&nbsp;0.40</td>\r\n   </tr>\r\n   <tr>\r\n      <td><strong>&nbsp;Height (mm)</strong></td>\r\n     <td>&nbsp;197</td>\r\n    </tr>\r\n   <tr>\r\n      <td><strong>&nbsp;Length of Cable (m)</strong></td>\r\n     <td>&nbsp;1.523</td>\r\n    </tr>\r\n   <tr>\r\n      <td><strong>&nbsp;Type of Jack</strong></td>\r\n      <td>&nbsp;3.5mm</td>\r\n    </tr>\r\n </tbody>\r\n</table>\r\n\r\n<p><a href=\"http://demandware.edgesuite.net/aajh_prd/on/demandware.static/Sites-beats-Site/Sites-beats-master-catalog-en/default/v1383896974663/pdf/beats-pro-user-guide-americas.pdf\">User Guide</a></p>\r\n', '<p>rew</p>\r\n', '<ul>\r\n <li>Chất lượng &acirc;m thanh tuyệt với, thời trang v&agrave; c&aacute; t&iacute;nh lắm</li>\r\n  <li>Đ&uacute;ng l&agrave; tiền n&agrave;o của đấy, sướng hết cả lỗ tai :v</li>\r\n</ul>\r\n', '<p>Lưu lại, sản phẩm hay.</p>\r\n', '<p>rew</p>\r\n', 'tai nghe urbeats, tai nghe rose gold, tai nghe xịn', 'N', '2016-06-12 19:29:15', '2016-06-17 20:18:19');
INSERT INTO `products` VALUES ('13', 'HUNGNUP', 'HUNGNUP', '1', '199.900.000 ₫', '199.900.000 ₫', '1233', 'abc, hung, hungb4by', 'Nhà sản xuất ,Bludio,IN-EARS', '2016-11-23', 'Còn hàng', '<p>●&nbsp;<strong>Tai nghe Beats Solo 2 Wireless</strong>&nbsp;c&oacute;&nbsp;chất lượng ho&agrave;n thiện sản phẩm tốt, thiết kế tinh tế, miếng đệm si&ecirc;u nhẹ đeo rất &ecirc;m tai.</p>\r\n\r\n<p><img alt=\"\" src=\"http://localhost/nghenhinaudio.com/app/webroot/img/products/images/3kshop-furutech-adl-h118.png\" style=\"height:470px; width:470px\" /></p>\r\n\r\n<p><img alt=\"\" src=\"http://localhost/nghenhinaudio.com/app/webroot/img/products/images/3kshop-furutech-ADL-H118-4.jpg\" style=\"height:564px; width:1000px\" /></p>\r\n', '<p>● &nbsp;Tai nghe sử dụng c&ocirc;ng nghệ&nbsp;<strong>Bluetooth 4.0</strong>&nbsp;mới nhất, kết nối trong phạm vi 10m với thời lượng pin l&ecirc;n đến 12 giờ.</p>\r\n', '<p>● Tương th&iacute;ch ho&agrave;n to&agrave;n&nbsp;thiết bị ph&aacute;t nhạc&nbsp;<strong>Ipod, Iphone, Ipad</strong>. Kết nối dễ d&agrave;ng với c&aacute;c thiết bị m&aacute;y nghe nhạc, điện thoại di động, laptop, pc,&hellip;</p>\r\n\r\n<p>&nbsp;</p>\r\n\r\n<p><img alt=\"\" src=\"http://localhost/nghenhinaudio.com/app/webroot/img/products/images/3kshop-furutech-adl-h118.png\" style=\"height:470px; width:470px\" /></p>\r\n', '<p>●&nbsp;Chất &acirc;m tinh tế ph&ugrave; hợp với nhiều d&ograve;ng nhạc&nbsp;<strong>pop, dance, hihop, trữ t&igrave;nh</strong>,&hellip;</p>\r\n\r\n<p>● Bảo h&agrave;nh: 6 th&aacute;ng</p>\r\n', '<p>Kh&ocirc;ng c&oacute;</p>\r\n', '<ul>\r\n <li>Sản phẩm rất tốt</li>\r\n <li>Chất lượng &acirc;m thanh tuyệt thật</li>\r\n</ul>\r\n', '<h2><strong>Thiết kế của tương lai</strong></h2>\r\n\r\n<p>Tai nghe&nbsp;<strong>Beats Solo 2 Wireless</strong>&nbsp;c&oacute;&nbsp;chất lượng ho&agrave;n thiện sản phẩm tốt, thiết kế tinh tế, miếng đệm si&ecirc;u nhẹ đeo rất &ecirc;m tai.Tai nghe sử dụng c&ocirc;ng nghệ&nbsp;<strong>Bluetooth 4.0</strong>&nbsp;mới nhất,&nbsp;</p>\r\n\r\n<p>&nbsp;</p>\r\n\r\n<p><img alt=\"\" src=\"http://localhost/nghenhinaudio.com/app/webroot/img/products/images/Lighthouse.jpg\" style=\"height:768px; width:1024px\" /></p>\r\n', '<h2><strong>Kết nối th&ocirc;ng minh</strong></h2>\r\n\r\n<p>Tai nghe&nbsp;<strong>Beats&nbsp;Solo2</strong>&nbsp;Wireless l&agrave; sản phẩm mới đầu ti&ecirc;n được ph&aacute;t h&agrave;nh bởi Beats kể từ khi trở th&agrave;nh một phần của&nbsp;<strong>Apple</strong>&nbsp;sau thương vụ 3 tỷ $. C&aacute;c tai nghe mới được thiết lập sẽ c&oacute; sẵn c&aacute;c bản m&agrave;u đỏ, đen, trắng, xanh, gray, gold, silver.</p>\r\n', 'AKG, K420, 3KShop, Portable, Fodable', 'N', '2016-06-15 19:33:55', '2016-06-15 19:38:58');
INSERT INTO `products` VALUES ('14', 'NUPPPPPPPPPpppp', 'Nup', '1', '1.900.000 ₫', '20.000.000 ₫', '233', 'urBeats Rose Gold Edition', 'Plantronics,Jabra,Sony,Thương Hiệu Khác,IN-EARS,EARS-BUDS,CLIP ON,Làm Việc,Chơi Game,Phòng Thu,HEAD PHONE', '2016-06-30', 'Còn hàng', '<p>T&igrave;nh trạng sản phẩm:</p>\r\n', '<p><img alt=\"beats solo 2 wireless gold 01\" src=\"http://plantronicschinhhang.com/wp-content/uploads/beats-solo-2-wireless-gold-01.jpg\" style=\"height:720px; width:960px\" /></p>\r\n\r\n<p><img alt=\"Beats-Solo2-Wireless-Apple-Colors\" src=\"http://plantronicschinhhang.com/wp-content/uploads/Beats-Solo2-Wireless-Apple-Colors.jpg\" style=\"height:600px; width:980px\" /></p>\r\n\r\n<h2><strong>Thiết kế của tương lai</strong></h2>\r\n\r\n<p>Tai nghe <strong>Beats Solo 2 Wireless</strong> c&oacute;&nbsp;chất lượng ho&agrave;n thiện sản phẩm tốt, thiết kế tinh tế, miếng đệm si&ecirc;u nhẹ đeo rất &ecirc;m tai.Tai nghe sử dụng c&ocirc;ng nghệ <strong>Bluetooth 4.0</strong> mới nhất, kết nối trong phạm vi 10m với thời lượng pin l&ecirc;n đến 12 giờ.</p>\r\n\r\n<p>Tương th&iacute;ch ho&agrave;n to&agrave;n thiết bị ph&aacute;t nhạc ipod, iphone, ipad. Kết nối dễ d&agrave;ng với c&aacute;c thiết bị m&aacute;y nghe nhạc, điện thoại di động, laptop, pc,&hellip; Chất &acirc;m tinh tế ph&ugrave; hợp với nhiều d&ograve;ng nhạc pop, dance, hihop, trữ t&igrave;nh,&hellip;</p>\r\n\r\n<h2><strong>Kết nối th&ocirc;ng minh</strong></h2>\r\n\r\n<p>Tai nghe&nbsp;<strong>Beats&nbsp;Solo2</strong> Wireless l&agrave; sản phẩm mới đầu ti&ecirc;n được ph&aacute;t h&agrave;nh bởi Beats kể từ khi trở th&agrave;nh một phần của <strong>Apple</strong> sau thương vụ 3 tỷ $. C&aacute;c tai nghe mới được thiết lập sẽ c&oacute; sẵn c&aacute;c bản m&agrave;u đỏ, đen, trắng, xanh, gray, gold, silver.</p>\r\n\r\n<p>Với c&ocirc;ng nghệ Bluetooth mới nhất , Beats Solo2 Wireless cho ph&eacute;p di chuyển tự do trong v&ograve;ng 30 feet(c&aacute;ch xa nguồn ph&aacute;t 10m). Người d&ugrave;ng c&oacute; thể nhận cuộc gọi, bỏ qua c&aacute;c b&agrave;i h&aacute;t, v&agrave; thay đổi &acirc;m lượng bằng c&aacute;ch sử dụng n&uacute;t &ldquo;b&rdquo; v&agrave; n&uacute;t &acirc;m lượng tr&ecirc;n cốc tai.</p>\r\n\r\n<p><img alt=\"Beats-Solo2-Wireless-Apple-Colors2\" src=\"http://plantronicschinhhang.com/wp-content/uploads/Beats-Solo2-Wireless-Apple-Colors2.jpg\" style=\"height:500px; width:500px\" /></p>\r\n\r\n<p><img alt=\"Tai nghe Beats Solo 2 wireless Gold (5)\" src=\"http://plantronicschinhhang.com/wp-content/uploads/Tai-nghe-Beats-Solo-2-wireless-Gold-5.jpg\" style=\"height:1342px; width:1419px\" /></p>\r\n\r\n<h2><strong>Thời lượng pin khủng</strong></h2>\r\n\r\n<p>Pin của tai nghe beats solo2 wireless c&oacute; thể d&ugrave;ng li&ecirc;n tục trong v&ograve;ng 12 tiếng. Quả l&agrave; một con số c&oacute; thể l&agrave;m h&agrave;i l&ograve;ng nhiều người khi chơi một tai nghe over ear kh&ocirc;ng d&acirc;y. &Ocirc;ng Luke Wood người đứng đầu của Beats n&oacute;i &ldquo;Tai nghe beats solo 2 l&agrave; một tai nghe đẳng cấp của thế giới, được nhiều người khen ngợi v&igrave; chất &acirc;m của n&oacute;. V&agrave; b&acirc;y giờ n&oacute; gia nhập gia đ&igrave;nh tai nghe kh&ocirc;ng d&acirc;y.&rdquo;</p>\r\n\r\n<p>Beats solo2 wireless được trang bị th&ecirc;m 1 c&aacute;p để sử dụng khi bluetooth kh&ocirc;ng thể kết nối (hết pin) hoặc người nghe muốn chất lượng &acirc;m thanh hay hơn.</p>\r\n\r\n<h2><strong>UNBOXED</strong></h2>\r\n\r\n<p>-Tai nghe Solo 2 Wireless<br />\r\n&ndash; Bao đựng: 1<br />\r\n&ndash; D&acirc;y controltalk: 1<br />\r\n&ndash; D&acirc;y micro USB 2.0: 1<br />\r\n&ndash; S&aacute;ch&nbsp;HDSD: 1<br />\r\n&ndash; Trọng lượng: 215 g<br />\r\n&ndash; Chiều cao: 198mm<br />\r\n&ndash; Jack: 3.5mm<br />\r\n&ndash; Chiều d&agrave;i: 1.361 m</p>\r\n\r\n<p><img alt=\"Tai nghe Beats Solo 2 wireless Red (1)\" src=\"http://plantronicschinhhang.com/wp-content/uploads/Tai-nghe-Beats-Solo-2-wireless-Red-1.png\" style=\"height:500px; width:1500px\" /></p>\r\n\r\n<p><img alt=\"Tai nghe Beats solo 2 wireless White (6)\" src=\"http://plantronicschinhhang.com/wp-content/uploads/Tai-nghe-Beats-solo-2-wireless-White-6.jpg\" style=\"height:1369px; width:1467px\" /></p>\r\n\r\n<p><img alt=\"Tai nghe Beats Solo 2 wireless Black (6)\" src=\"http://plantronicschinhhang.com/wp-content/uploads/Tai-nghe-Beats-Solo-2-wireless-Black-6.jpg\" style=\"height:1374px; width:1305px\" /></p>\r\n\r\n<p><img alt=\"Tai nghe Beats Solo 2 Red (9)\" src=\"http://plantronicschinhhang.com/wp-content/uploads/Tai-nghe-Beats-Solo-2-Red-9.jpg\" style=\"height:1355px; width:1403px\" /></p>\r\n\r\n<p><img alt=\"Tai nghe Beats Solo 2 Blue (9)\" src=\"http://plantronicschinhhang.com/wp-content/uploads/Tai-nghe-Beats-Solo-2-Blue-9.jpg\" style=\"height:1372px; width:1542px\" /></p>\r\n\r\n<p><img alt=\"Tai nghe Beats Solo 2 wireless Silver (3)\" src=\"http://plantronicschinhhang.com/wp-content/uploads/Tai-nghe-Beats-Solo-2-wireless-Silver-3.jpg\" style=\"height:1336px; width:1539px\" /></p>\r\n\r\n<p><img alt=\"Tai nghe Beats Solo 2 wireless Space Gray (2)\" src=\"http://plantronicschinhhang.com/wp-content/uploads/Tai-nghe-Beats-Solo-2-wireless-Space-Gray-2.jpg\" style=\"height:1187px; width:1293px\" /></p>\r\n', '<h3>Beats Studio&trade; over ear headphones</h3>\r\n\r\n<table>\r\n  <tbody>\r\n   <tr>\r\n      <td><strong>&nbsp;USB 2.0 Charging Cable</strong></td>\r\n      <td>&nbsp;</td>\r\n   </tr>\r\n   <tr>\r\n      <td><strong>&nbsp;USB power adapter</strong></td>\r\n     <td>&nbsp;</td>\r\n   </tr>\r\n   <tr>\r\n      <td>&nbsp;<strong>Plug</strong></td>\r\n      <td>&nbsp;3.5mm audio cable</td>\r\n    </tr>\r\n   <tr>\r\n      <td>&nbsp;<strong>Cable</strong></td>\r\n     <td>&nbsp;RemoteTalk&trade; cable</td>\r\n    </tr>\r\n   <tr>\r\n      <td>&nbsp;<strong>Accessories</strong></td>\r\n     <td>\r\n      <ul>\r\n        <li>Hard shell carrying case</li>\r\n       <li>Beats cleaning cloth</li>\r\n       <li>Quick Start-Up Guide</li>\r\n     </ul>\r\n     </td>\r\n   </tr>\r\n   <tr>\r\n      <td><strong>&nbsp;Weight (kg)</strong></td>\r\n     <td>&nbsp;0.26</td>\r\n   </tr>\r\n   <tr>\r\n      <td><strong>&nbsp;Height (mm)</strong></td>\r\n     <td>&nbsp;203mm</td>\r\n    </tr>\r\n </tbody>\r\n</table>\r\n', '<h3>ĐẲNG CẤP PH&Ograve;NG THU.</h3>\r\n\r\n<ul>\r\n <li>&Acirc;m thanh đ&aacute;p ứng được ti&ecirc;u chuẩn c&aacute;c ph&ograve;ng thu hiện đại. Một sự lựa chọn tuyệt vời cho c&aacute;c d&ograve;ng nhạc s&ocirc;i động, tươi trẻ hiện nay.</li>\r\n</ul>\r\n\r\n<h3>&Acirc;M CAO TRONG TRẺO V&Agrave; TIẾNG BASS UY LỰC</h3>\r\n\r\n<ul>\r\n  <li>Vỏ ngo&agrave;i tai nghe l&agrave;m từ nh&ocirc;m v&agrave; th&eacute;p, gi&uacute;p &acirc;m bass trở n&ecirc;n chắc khỏe, mạnh mẽ v&agrave; &acirc;m cao r&otilde; r&agrave;ng, trong vắt.</li>\r\n</ul>\r\n\r\n<h3>THIẾT KẾ SANG TRỌNG, HIỆN ĐẠI</h3>\r\n\r\n<ul>\r\n  <li>Với một sản phẩm cao cấp như Beats Pro, Monster kh&ocirc;ng cho sử dụng bất kỳ chi tiết n&agrave;o bằng nhựa, tất cả c&aacute;c khớp nối v&agrave; khung tai nghe đều l&agrave;m từ kim loại. Ngay cả d&acirc;y dẫn cũng c&oacute; lớp bọc ngo&agrave;i đẹp v&agrave; bền.</li>\r\n</ul>\r\n\r\n<h3>KHẢ NĂNG CHỐNG ỒN HIỆU QUẢ</h3>\r\n\r\n<ul>\r\n <li>Beats Pro l&agrave; một tai nghe chống ồn thụ động với lớp bọc da của phần ốp tai rất d&agrave;y v&agrave; &ecirc;m &aacute;i, gi&uacute;p &ocirc;m trọn v&agrave;nh tai v&agrave; tạo ra một kh&ocirc;ng gian nghe nhạc y&ecirc;n tĩnh tuyệt đối</li>\r\n</ul>\r\n\r\n<h3>Beats Pro&trade; on ear headphones</h3>\r\n\r\n<table>\r\n <tbody>\r\n   <tr>\r\n      <td><strong>&nbsp;Cable</strong></td>\r\n     <td>\r\n      <ul>\r\n        <li>4.2mm coiled cable with 3.5mm twist lock plug</li>\r\n        <li>In-line remote &amp; mic cable (features may vary)</li>\r\n     </ul>\r\n     </td>\r\n   </tr>\r\n   <tr>\r\n      <td>&nbsp;<strong>Adapter</strong></td>\r\n     <td>&nbsp;&frac14;&quot; audio adapter</td>\r\n   </tr>\r\n   <tr>\r\n      <td>&nbsp;<strong>Accessories</strong></td>\r\n     <td>\r\n      <ul>\r\n        <li>Carrying pouch</li>\r\n       <li>Beats cleaning cloth</li>\r\n     </ul>\r\n     </td>\r\n   </tr>\r\n   <tr>\r\n      <td><strong>&nbsp;Weight (kg)</strong></td>\r\n     <td>&nbsp;0.40</td>\r\n   </tr>\r\n   <tr>\r\n      <td><strong>&nbsp;Height (mm)</strong></td>\r\n     <td>&nbsp;197</td>\r\n    </tr>\r\n   <tr>\r\n      <td><strong>&nbsp;Length of Cable (m)</strong></td>\r\n     <td>&nbsp;1.523</td>\r\n    </tr>\r\n   <tr>\r\n      <td><strong>&nbsp;Type of Jack</strong></td>\r\n      <td>&nbsp;3.5mm</td>\r\n    </tr>\r\n </tbody>\r\n</table>\r\n\r\n<p><a href=\"http://demandware.edgesuite.net/aajh_prd/on/demandware.static/Sites-beats-Site/Sites-beats-master-catalog-en/default/v1383896974663/pdf/beats-pro-user-guide-americas.pdf\">User Guide</a></p>\r\n', '', '<ul>\r\n <li>Chất lượng &acirc;m thanh tuyệt với, thời trang v&agrave; c&aacute; t&iacute;nh lắm</li>\r\n  <li>Đ&uacute;ng l&agrave; tiền n&agrave;o của đấy, sướng hết cả lỗ tai :v</li>\r\n</ul>\r\n', '<p>Lưu lại, sản phẩm hay.</p>\r\n', '', 'AKG, K420, 3KShop, Portable, Fodable', 'N', '2016-06-17 20:12:11', '2016-06-17 20:12:11');

-- ----------------------------
-- Table structure for product_images
-- ----------------------------
DROP TABLE IF EXISTS `product_images`;
CREATE TABLE `product_images` (
  `id` int(10) unsigned NOT NULL AUTO_INCREMENT,
  `product_id` int(10) unsigned NOT NULL,
  `image_url` varchar(255) COLLATE utf8_unicode_ci DEFAULT NULL,
  `created` datetime DEFAULT NULL,
  `modified` datetime DEFAULT NULL,
  PRIMARY KEY (`id`)
) ENGINE=InnoDB AUTO_INCREMENT=72 DEFAULT CHARSET=utf8 COLLATE=utf8_unicode_ci;

-- ----------------------------
-- Records of product_images
-- ----------------------------
INSERT INTO `product_images` VALUES ('20', '1', '052016\\3kshop-furutech-adl-h118.png', '2016-04-24 09:51:07', '2016-04-24 09:51:07');
INSERT INTO `product_images` VALUES ('21', '1', '052016\\3kshop-furutech-ADL-H118-2.jpg', '2016-04-24 09:51:07', '2016-04-24 09:51:07');
INSERT INTO `product_images` VALUES ('22', '1', '052016\\3kshop-furutech-ADL-H118-3 (1).jpg', '2016-04-24 09:51:07', '2016-04-24 09:51:07');
INSERT INTO `product_images` VALUES ('23', '1', '052016\\3kshop-furutech-ADL-H118-4.jpg', '2016-04-24 09:51:07', '2016-04-24 09:51:07');
INSERT INTO `product_images` VALUES ('24', '2', '052016\\3kshop-furutech-adl-h118.png', '2016-04-24 09:56:37', '2016-04-24 09:56:37');
INSERT INTO `product_images` VALUES ('25', '2', '052016\\3kshop-furutech-ADL-H118-2.jpg', '2016-04-24 09:56:37', '2016-04-24 09:56:37');
INSERT INTO `product_images` VALUES ('26', '3', '052016\\3kshop-furutech-ADL-H118-3 (1).jpg', '2016-04-24 09:56:37', '2016-04-24 09:56:37');
INSERT INTO `product_images` VALUES ('27', '3', '052016\\3kshop-furutech-ADL-H118-4.jpg', '2016-04-24 09:56:37', '2016-04-24 09:56:37');
INSERT INTO `product_images` VALUES ('28', '4', '052016\\3kshop-furutech-ADL-H118-4.jpg', '2016-04-24 09:56:37', '2016-04-24 09:56:37');
INSERT INTO `product_images` VALUES ('29', '4', '052016\\3kshop-furutech-adl-h118.png', '2016-04-24 09:59:16', '2016-04-24 09:59:16');
INSERT INTO `product_images` VALUES ('30', '4', '052016\\3kshop-furutech-ADL-H118-2.jpg', '2016-04-24 09:59:16', '2016-04-24 09:59:16');
INSERT INTO `product_images` VALUES ('31', '4', '052016\\3kshop-furutech-ADL-H118-3 (1).jpg', '2016-04-24 09:59:16', '2016-04-24 09:59:16');
INSERT INTO `product_images` VALUES ('32', '5', '052016\\3kshop-furutech-ADL-H118-3.jpg', '2016-04-24 09:59:16', '2016-04-24 09:59:16');
INSERT INTO `product_images` VALUES ('33', '5', '052016\\3kshop-furutech-ADL-H118-4.jpg', '2016-04-24 09:59:16', '2016-04-24 09:59:16');
INSERT INTO `product_images` VALUES ('34', '6', '052016\\3kshop-furutech-adl-h118.png', '2016-04-24 10:01:45', '2016-04-24 10:01:45');
INSERT INTO `product_images` VALUES ('35', '6', '052016\\3kshop-furutech-ADL-H118-2.jpg', '2016-04-24 10:01:45', '2016-04-24 10:01:45');
INSERT INTO `product_images` VALUES ('36', '6', '052016\\3kshop-furutech-ADL-H118-3 (1).jpg', '2016-04-24 10:01:45', '2016-04-24 10:01:45');
INSERT INTO `product_images` VALUES ('37', '7', '052016\\3kshop-furutech-ADL-H118-3.jpg', '2016-04-24 10:01:45', '2016-04-24 10:01:45');
INSERT INTO `product_images` VALUES ('38', '7', '052016\\3kshop-furutech-ADL-H118-4.jpg', '2016-04-24 10:01:45', '2016-04-24 10:01:45');
INSERT INTO `product_images` VALUES ('39', '8', '052016\\3kshop-furutech-adl-h118.png', '2016-04-24 10:03:18', '2016-04-24 10:03:18');
INSERT INTO `product_images` VALUES ('44', '8', '052016\\3kshop-furutech-ADL-H118-2.jpg', '2016-04-24 19:35:27', '2016-04-24 19:35:27');
INSERT INTO `product_images` VALUES ('45', '8', '052016\\3kshop-furutech-ADL-H118-3 (1).jpg', '2016-04-24 19:35:27', '2016-04-24 19:35:27');
INSERT INTO `product_images` VALUES ('46', '8', '052016\\3kshop-furutech-ADL-H118-3.jpg', '2016-04-24 19:35:27', '2016-04-24 19:35:27');
INSERT INTO `product_images` VALUES ('47', '8', '052016\\3kshop-furutech-ADL-H118-4.jpg', '2016-04-24 19:35:27', '2016-04-24 19:35:27');
INSERT INTO `product_images` VALUES ('48', '9', '052016\\3kshop-furutech-adl-h118.png', '2016-05-08 14:32:39', '2016-05-08 14:32:39');
INSERT INTO `product_images` VALUES ('49', '9', '052016\\3kshop-furutech-ADL-H118-2.jpg', '2016-05-08 17:12:27', '2016-05-08 17:12:27');
INSERT INTO `product_images` VALUES ('50', '9', '052016\\3kshop-furutech-ADL-H118-3 (1).jpg', '2016-05-08 17:12:27', '2016-05-08 17:12:27');
INSERT INTO `product_images` VALUES ('51', '9', '052016\\3kshop-furutech-ADL-H118-3.jpg', '2016-05-08 17:12:27', '2016-05-08 17:12:27');
INSERT INTO `product_images` VALUES ('59', '11', '052016\\3kshop-furutech-adl-h118.png', '2016-05-10 20:30:29', '2016-05-10 20:30:29');
INSERT INTO `product_images` VALUES ('60', '11', '052016\\3kshop-furutech-ADL-H118-2.jpg', '2016-05-10 20:30:30', '2016-05-10 20:30:30');
INSERT INTO `product_images` VALUES ('61', '11', '052016\\3kshop-furutech-ADL-H118-3 (1).jpg', '2016-05-10 20:30:30', '2016-05-10 20:30:30');
INSERT INTO `product_images` VALUES ('62', '11', '052016\\3kshop-furutech-ADL-H118-3.jpg', '2016-05-10 20:30:30', '2016-05-10 20:30:30');
INSERT INTO `product_images` VALUES ('63', '11', '052016\\3kshop-furutech-ADL-H118-4.jpg', '2016-05-10 20:30:30', '2016-05-10 20:30:30');
INSERT INTO `product_images` VALUES ('64', '13', '3kshop-furutech-ADL-H118-3.jpg', '2016-06-15 19:33:55', '2016-06-15 19:33:55');
INSERT INTO `product_images` VALUES ('65', '13', '3kshop-furutech-adl-h118.png', '2016-06-15 19:33:55', '2016-06-15 19:33:55');
INSERT INTO `product_images` VALUES ('66', '13', '3kshop-furutech-ADL-H118-3 (1).jpg', '2016-06-15 19:33:55', '2016-06-15 19:33:55');
INSERT INTO `product_images` VALUES ('67', '13', '3kshop-furutech-ADL-H118-4.jpg', '2016-06-15 19:33:55', '2016-06-15 19:33:55');
INSERT INTO `product_images` VALUES ('68', '14', '2011-07-19 08.08.15 - Copy.jpg', '2016-06-17 20:12:11', '2016-06-17 20:12:11');
INSERT INTO `product_images` VALUES ('69', '14', '2011-08-27 17.41.29.jpg', '2016-06-17 20:12:11', '2016-06-17 20:12:11');
INSERT INTO `product_images` VALUES ('70', '14', '2011-08-27 18.05.41.jpg', '2016-06-17 20:12:11', '2016-06-17 20:12:11');
INSERT INTO `product_images` VALUES ('71', '14', '2011-08-27 18.13.08.jpg', '2016-06-17 20:12:11', '2016-06-17 20:12:11');

-- ----------------------------
-- Table structure for select_options
-- ----------------------------
DROP TABLE IF EXISTS `select_options`;
CREATE TABLE `select_options` (
  `id` bigint(20) NOT NULL AUTO_INCREMENT,
  `column_name` varchar(128) COLLATE utf8_unicode_ci NOT NULL,
  `select_code` varchar(64) COLLATE utf8_unicode_ci NOT NULL,
  `display_name` varchar(128) COLLATE utf8_unicode_ci NOT NULL,
  `display_order` int(4) NOT NULL,
  `memo` text COLLATE utf8_unicode_ci,
  `del_flag` varchar(1) COLLATE utf8_unicode_ci DEFAULT 'N',
  `created` datetime DEFAULT NULL,
  `modified` datetime DEFAULT NULL,
  PRIMARY KEY (`id`),
  UNIQUE KEY `uni_key` (`column_name`,`select_code`,`display_name`),
  KEY `idx_column_name` (`column_name`)
) ENGINE=InnoDB AUTO_INCREMENT=6 DEFAULT CHARSET=utf8 COLLATE=utf8_unicode_ci;

-- ----------------------------
-- Records of select_options
-- ----------------------------
INSERT INTO `select_options` VALUES ('1', 'product_type', '1', 'Tai nghe', '1', 'Tai nghe', 'N', null, null);
INSERT INTO `select_options` VALUES ('2', 'product_type', '2', 'Speaker', '2', 'Speaker', 'N', null, null);
INSERT INTO `select_options` VALUES ('3', 'product_type', '3', 'Máy nghe nhạc', '3', 'Máy nghe nhạc', 'N', null, null);
INSERT INTO `select_options` VALUES ('4', 'product_type', '4', 'Phụ kiện', '4', 'Phụ kiện', 'N', null, null);
INSERT INTO `select_options` VALUES ('5', 'product_type', '5', 'AMP&DAC', '5', 'AMP&DAC', 'N', null, null);

-- ----------------------------
-- Table structure for templates
-- ----------------------------
DROP TABLE IF EXISTS `templates`;
CREATE TABLE `templates` (
  `id` int(10) unsigned NOT NULL AUTO_INCREMENT,
  `template_name` varchar(50) COLLATE utf8_unicode_ci NOT NULL,
  `template_body` text COLLATE utf8_unicode_ci,
  `del_flag` set('N','Y') COLLATE utf8_unicode_ci DEFAULT 'N' COMMENT 'Delete flag',
  `created` datetime DEFAULT NULL,
  `modified` datetime DEFAULT NULL,
  PRIMARY KEY (`id`)
) ENGINE=InnoDB AUTO_INCREMENT=7 DEFAULT CHARSET=utf8 COLLATE=utf8_unicode_ci;

-- ----------------------------
-- Records of templates
-- ----------------------------
INSERT INTO `templates` VALUES ('1', 'overview', '<div class=\"panel entry-content\" id=\"tab-description\" style=\"display: block;\">\r\n  <div class=\"row\">\r\n   <div class=\"large-8 xlarge-6 large-centered xlarge-centered columns\">\r\n     <div style=\" color:#000; \" class=\"row normal_height vc_row wpb_row vc_row-fluid\">\r\n       <div class=\"large-12 columns column_container\">\r\n         <div class=\"wpb_wrapper\">\r\n           <div class=\"wpb_single_image wpb_content_element vc_align_center\">\r\n              <figure class=\"wpb_wrapper vc_figure\">\r\n                <div class=\"vc_single_image-wrapper   vc_box_border_grey\">\r\n                  <img width=\"960\" height=\"720\" src=\"http://plantronicschinhhang.com/wp-content/uploads/beats-solo-2-wireless-gold-01.jpg\" class=\"vc_single_image-img attachment-full\" alt=\"beats solo 2 wireless gold 01\" srcset=\"http://plantronicschinhhang.com/wp-content/uploads/beats-solo-2-wireless-gold-01.jpg 960w, http://plantronicschinhhang.com/wp-content/uploads/beats-solo-2-wireless-gold-01-300x225.jpg 300w\" sizes=\"(max-width: 960px) 100vw, 960px\">\r\n               </div>\r\n              </figure>\r\n           </div>\r\n          </div>\r\n        </div>\r\n      </div>\r\n      <div style=\" color:#000; \" class=\"row normal_height vc_row wpb_row vc_row-fluid\">\r\n       <div class=\"large-6 columns column_container\">\r\n          <div class=\"wpb_wrapper\">\r\n           \r\n            <div class=\"wpb_single_image wpb_content_element vc_align_left  vc_custom_1449542137882\">\r\n             \r\n              <figure class=\"wpb_wrapper vc_figure\">\r\n                <div class=\"vc_single_image-wrapper   vc_box_border_grey\">\r\n                  <img width=\"980\" height=\"600\" src=\"http://plantronicschinhhang.com/wp-content/uploads/Beats-Solo2-Wireless-Apple-Colors.jpg\" class=\"vc_single_image-img attachment-full\" alt=\"Beats-Solo2-Wireless-Apple-Colors\" srcset=\"http://plantronicschinhhang.com/wp-content/uploads/Beats-Solo2-Wireless-Apple-Colors.jpg 980w, http://plantronicschinhhang.com/wp-content/uploads/Beats-Solo2-Wireless-Apple-Colors-300x184.jpg 300w\" sizes=\"(max-width: 980px) 100vw, 980px\">\r\n               </div>\r\n              </figure>\r\n           </div>\r\n          </div>\r\n        </div>\r\n        <div class=\"large-6 columns column_container\">\r\n          <div class=\"wpb_wrapper\">\r\n           \r\n            <div class=\"wpb_content_element  vc_custom_1449542480672\">\r\n              <div class=\"wpb_wrapper\">\r\n               <h2 style=\"padding-left: 30px;\">\r\n                <strong>Thiết kế của tương lai</strong>\r\n               </h2>\r\n               <p style=\"padding-left: 30px; text-align: justify;\">Tai nghe <strong>Beats Solo 2 Wireless</strong> có&nbsp;chất lượng hoàn thiện sản phẩm tốt, thiết kế tinh tế, miếng đệm siêu nhẹ đeo rất êm tai.Tai nghe sử dụng công nghệ <strong>Bluetooth 4.0</strong> mới nhất, kết nối trong phạm vi 10m với thời lượng pin lên đến 12 giờ.</p>\r\n                <p style=\"padding-left: 30px; text-align: justify;\">Tương thích hoàn toàn thiết bị phát nhạc ipod, iphone, ipad. Kết nối dễ dàng với các thiết bị máy nghe nhạc, điện thoại di động, laptop, pc,… Chất âm tinh tế phù hợp với nhiều dòng nhạc pop, dance, hihop, trữ tình,…</p>\r\n             </div>\r\n            </div>\r\n          </div>\r\n        </div>\r\n      </div>\r\n      <div style=\" color:#000; \" class=\"row normal_height vc_row wpb_row vc_row-fluid\">\r\n       <div class=\"large-6 columns column_container\">\r\n          <div class=\"wpb_wrapper\">\r\n           \r\n            <div class=\"wpb_content_element  vc_custom_1449542320700\">\r\n              <div class=\"wpb_wrapper\">\r\n               <h2 style=\"padding-left: 60px; text-align: justify;\">\r\n               <strong>Kết nối thông minh</strong>\r\n               </h2>\r\n               <p style=\"padding-left: 60px; text-align: justify;\">Tai nghe&nbsp;<strong>Beats&nbsp;Solo2</strong> Wireless là sản phẩm mới đầu tiên được phát hành bởi Beats kể từ khi trở thành một phần của <strong>Apple</strong> sau thương vụ 3 tỷ $. Các tai nghe mới được thiết lập sẽ có sẵn các bản màu đỏ, đen, trắng, xanh, gray, gold, silver.</p>\r\n                <p style=\"padding-left: 60px; text-align: justify;\">Với công nghệ Bluetooth mới nhất , Beats Solo2 Wireless cho phép di chuyển tự do trong vòng 30 feet(cách xa nguồn phát 10m). Người dùng có thể nhận cuộc gọi, bỏ qua các bài hát, và thay đổi âm lượng bằng cách sử dụng nút “b” và nút âm lượng trên cốc tai.</p>\r\n              </div>\r\n            </div>\r\n          </div>\r\n        </div>\r\n        <div class=\"large-6 columns column_container\">\r\n          <div class=\"wpb_wrapper\">\r\n           \r\n            <div class=\"wpb_single_image wpb_content_element vc_align_left\">\r\n              \r\n              <figure class=\"wpb_wrapper vc_figure\">\r\n                <div class=\"vc_single_image-wrapper   vc_box_border_grey\">\r\n                  <img width=\"500\" height=\"500\" src=\"http://plantronicschinhhang.com/wp-content/uploads/Beats-Solo2-Wireless-Apple-Colors2.jpg\" class=\"vc_single_image-img attachment-full\" alt=\"Beats-Solo2-Wireless-Apple-Colors2\" srcset=\"http://plantronicschinhhang.com/wp-content/uploads/Beats-Solo2-Wireless-Apple-Colors2.jpg 500w, http://plantronicschinhhang.com/wp-content/uploads/Beats-Solo2-Wireless-Apple-Colors2-150x150.jpg 150w, http://plantronicschinhhang.com/wp-content/uploads/Beats-Solo2-Wireless-Apple-Colors2-300x300.jpg 300w\" sizes=\"(max-width: 500px) 100vw, 500px\">\r\n               </div>\r\n              </figure>\r\n           </div>\r\n          </div>\r\n        </div>\r\n      </div>\r\n      <div style=\" color:#000; \" class=\"row normal_height vc_row wpb_row vc_row-fluid\">\r\n       <div class=\"large-6 columns column_container\">\r\n          <div class=\"wpb_wrapper\">\r\n           \r\n            <div class=\"wpb_single_image wpb_content_element vc_align_left\">\r\n              \r\n              <figure class=\"wpb_wrapper vc_figure\">\r\n                <div class=\"vc_single_image-wrapper   vc_box_border_grey\">\r\n                  <img width=\"1419\" height=\"1342\" src=\"http://plantronicschinhhang.com/wp-content/uploads/Tai-nghe-Beats-Solo-2-wireless-Gold-5.jpg\" class=\"vc_single_image-img attachment-full\" alt=\"Tai nghe Beats Solo 2 wireless Gold (5)\" srcset=\"http://plantronicschinhhang.com/wp-content/uploads/Tai-nghe-Beats-Solo-2-wireless-Gold-5.jpg 1419w, http://plantronicschinhhang.com/wp-content/uploads/Tai-nghe-Beats-Solo-2-wireless-Gold-5-300x284.jpg 300w, http://plantronicschinhhang.com/wp-content/uploads/Tai-nghe-Beats-Solo-2-wireless-Gold-5-1024x968.jpg 1024w\" sizes=\"(max-width: 1419px) 100vw, 1419px\">\r\n               </div>\r\n              </figure>\r\n           </div>\r\n          </div>\r\n        </div>\r\n        <div class=\"large-6 columns column_container\">\r\n          <div class=\"wpb_wrapper\">\r\n           \r\n            <div class=\"wpb_content_element  vc_custom_1449542385028\">\r\n              <div class=\"wpb_wrapper\">\r\n               <h2 style=\"padding-left: 60px;\">\r\n                <strong>Thời lượng pin khủng</strong>\r\n               </h2>\r\n               <p style=\"text-align: justify; padding-left: 60px;\">Pin của tai nghe beats solo2 wireless có thể dùng liên tục trong vòng 12 tiếng. Quả là một con số có thể làm hài lòng nhiều người khi chơi một tai nghe over ear không dây. Ông Luke Wood người đứng đầu của Beats nói “Tai nghe beats solo 2 là một tai nghe đẳng cấp của thế giới, được nhiều người khen ngợi vì chất âm của nó. Và bây giờ nó gia nhập gia đình tai nghe không dây.”</p>\r\n               <p style=\"text-align: justify; padding-left: 60px;\">Beats solo2 wireless được trang bị thêm 1 cáp để sử dụng khi bluetooth không thể kết nối (hết pin) hoặc người nghe muốn chất lượng âm thanh hay hơn.</p>\r\n              </div>\r\n            </div>\r\n          </div>\r\n        </div>\r\n      </div>\r\n      <div style=\" color:#000; \" class=\"row normal_height vc_row wpb_row vc_row-fluid\">\r\n       <div class=\"large-6 columns column_container\">\r\n          <div class=\"wpb_wrapper\">\r\n           \r\n            <div class=\"wpb_content_element \">\r\n              <div class=\"wpb_wrapper\">\r\n               <h2 style=\"padding-left: 150px;\">\r\n               <strong>UNBOXED</strong>\r\n                </h2>\r\n               <p style=\"padding-left: 150px;\">-Tai nghe Solo 2 Wireless<br>\r\n                 – Bao đựng: 1<br>\r\n                 – Dây controltalk: 1<br>\r\n                  – Dây micro USB 2.0: 1<br>\r\n                  – Sách&nbsp;HDSD: 1<br>\r\n                 – Trọng lượng: 215 g<br>\r\n                  – Chiều cao: 198mm<br>\r\n                  – Jack: 3.5mm<br>\r\n               – Chiều dài: 1.361 m</p>\r\n              </div>\r\n            </div>\r\n          </div>\r\n        </div>\r\n        <div class=\"large-6 columns column_container\">\r\n          <div class=\"wpb_wrapper\">\r\n           \r\n            <div class=\"wpb_single_image wpb_content_element vc_align_left\">\r\n              \r\n              <figure class=\"wpb_wrapper vc_figure\">\r\n                <div class=\"vc_single_image-wrapper   vc_box_border_grey\">\r\n                  <img width=\"1500\" height=\"500\" src=\"http://plantronicschinhhang.com/wp-content/uploads/Tai-nghe-Beats-Solo-2-wireless-Red-1.png\" class=\"vc_single_image-img attachment-full\" alt=\"Tai nghe Beats Solo 2 wireless Red (1)\" srcset=\"http://plantronicschinhhang.com/wp-content/uploads/Tai-nghe-Beats-Solo-2-wireless-Red-1.png 1500w, http://plantronicschinhhang.com/wp-content/uploads/Tai-nghe-Beats-Solo-2-wireless-Red-1-300x100.png 300w, http://plantronicschinhhang.com/wp-content/uploads/Tai-nghe-Beats-Solo-2-wireless-Red-1-1024x341.png 1024w\" sizes=\"(max-width: 1500px) 100vw, 1500px\">\r\n               </div>\r\n              </figure>\r\n           </div>\r\n          </div>\r\n        </div>\r\n      </div>\r\n      <div style=\" color:#000; \" class=\"row normal_height vc_row wpb_row vc_row-fluid\">\r\n       <div class=\"large-6 columns column_container\">\r\n          <div class=\"wpb_wrapper\">\r\n           \r\n            <div class=\"wpb_single_image wpb_content_element vc_align_left\">\r\n              \r\n              <figure class=\"wpb_wrapper vc_figure\">\r\n                <div class=\"vc_single_image-wrapper   vc_box_border_grey\">\r\n                  <img width=\"1467\" height=\"1369\" src=\"http://plantronicschinhhang.com/wp-content/uploads/Tai-nghe-Beats-solo-2-wireless-White-6.jpg\" class=\"vc_single_image-img attachment-full\" alt=\"Tai nghe Beats solo 2 wireless White (6)\" srcset=\"http://plantronicschinhhang.com/wp-content/uploads/Tai-nghe-Beats-solo-2-wireless-White-6.jpg 1467w, http://plantronicschinhhang.com/wp-content/uploads/Tai-nghe-Beats-solo-2-wireless-White-6-300x280.jpg 300w, http://plantronicschinhhang.com/wp-content/uploads/Tai-nghe-Beats-solo-2-wireless-White-6-1024x956.jpg 1024w\" sizes=\"(max-width: 1467px) 100vw, 1467px\">\r\n                </div>\r\n              </figure>\r\n           </div>\r\n          </div>\r\n        </div>\r\n        <div class=\"large-6 columns column_container\">\r\n          <div class=\"wpb_wrapper\">\r\n           \r\n            <div class=\"wpb_single_image wpb_content_element vc_align_left\">\r\n              \r\n              <figure class=\"wpb_wrapper vc_figure\">\r\n                <div class=\"vc_single_image-wrapper   vc_box_border_grey\">\r\n                  <img width=\"1305\" height=\"1374\" src=\"http://plantronicschinhhang.com/wp-content/uploads/Tai-nghe-Beats-Solo-2-wireless-Black-6.jpg\" class=\"vc_single_image-img attachment-full\" alt=\"Tai nghe Beats Solo 2 wireless Black (6)\" srcset=\"http://plantronicschinhhang.com/wp-content/uploads/Tai-nghe-Beats-Solo-2-wireless-Black-6.jpg 1305w, http://plantronicschinhhang.com/wp-content/uploads/Tai-nghe-Beats-Solo-2-wireless-Black-6-285x300.jpg 285w, http://plantronicschinhhang.com/wp-content/uploads/Tai-nghe-Beats-Solo-2-wireless-Black-6-973x1024.jpg 973w\" sizes=\"(max-width: 1305px) 100vw, 1305px\">\r\n               </div>\r\n              </figure>\r\n           </div>\r\n          </div>\r\n        </div>\r\n      </div>\r\n      <div style=\" color:#000; \" class=\"row normal_height vc_row wpb_row vc_row-fluid\">\r\n       <div class=\"large-6 columns column_container\">\r\n          <div class=\"wpb_wrapper\">\r\n           <div class=\"wpb_single_image wpb_content_element vc_align_left\">\r\n              \r\n              <figure class=\"wpb_wrapper vc_figure\">\r\n                <div class=\"vc_single_image-wrapper   vc_box_border_grey\">\r\n                  <img width=\"1403\" height=\"1355\" src=\"http://plantronicschinhhang.com/wp-content/uploads/Tai-nghe-Beats-Solo-2-Red-9.jpg\" class=\"vc_single_image-img attachment-full\" alt=\"Tai nghe Beats Solo 2 Red (9)\" srcset=\"http://plantronicschinhhang.com/wp-content/uploads/Tai-nghe-Beats-Solo-2-Red-9.jpg 1403w, http://plantronicschinhhang.com/wp-content/uploads/Tai-nghe-Beats-Solo-2-Red-9-300x290.jpg 300w, http://plantronicschinhhang.com/wp-content/uploads/Tai-nghe-Beats-Solo-2-Red-9-1024x989.jpg 1024w\" sizes=\"(max-width: 1403px) 100vw, 1403px\">\r\n               </div>\r\n              </figure>\r\n           </div>\r\n          </div>\r\n        </div>\r\n        <div class=\"large-6 columns column_container\">\r\n          <div class=\"wpb_wrapper\">\r\n           <div class=\"wpb_single_image wpb_content_element vc_align_left\">\r\n              \r\n              <figure class=\"wpb_wrapper vc_figure\">\r\n                <div class=\"vc_single_image-wrapper   vc_box_border_grey\">\r\n                  <img width=\"1542\" height=\"1372\" src=\"http://plantronicschinhhang.com/wp-content/uploads/Tai-nghe-Beats-Solo-2-Blue-9.jpg\" class=\"vc_single_image-img attachment-full\" alt=\"Tai nghe Beats Solo 2 Blue (9)\" srcset=\"http://plantronicschinhhang.com/wp-content/uploads/Tai-nghe-Beats-Solo-2-Blue-9.jpg 1542w, http://plantronicschinhhang.com/wp-content/uploads/Tai-nghe-Beats-Solo-2-Blue-9-300x267.jpg 300w, http://plantronicschinhhang.com/wp-content/uploads/Tai-nghe-Beats-Solo-2-Blue-9-1024x911.jpg 1024w\" sizes=\"(max-width: 1542px) 100vw, 1542px\">\r\n                </div>\r\n              </figure>\r\n           </div>\r\n          </div>\r\n        </div>\r\n      </div>\r\n      <div style=\" color:#000; \" class=\"row normal_height vc_row wpb_row vc_row-fluid\">\r\n       <div class=\"large-6 columns column_container\">\r\n          <div class=\"wpb_wrapper\">\r\n           <div class=\"wpb_single_image wpb_content_element vc_align_left\">\r\n              <figure class=\"wpb_wrapper vc_figure\">\r\n                <div class=\"vc_single_image-wrapper   vc_box_border_grey\">\r\n                  <img width=\"1539\" height=\"1336\" src=\"http://plantronicschinhhang.com/wp-content/uploads/Tai-nghe-Beats-Solo-2-wireless-Silver-3.jpg\" class=\"vc_single_image-img attachment-full\" alt=\"Tai nghe Beats Solo 2 wireless Silver (3)\" srcset=\"http://plantronicschinhhang.com/wp-content/uploads/Tai-nghe-Beats-Solo-2-wireless-Silver-3.jpg 1539w, http://plantronicschinhhang.com/wp-content/uploads/Tai-nghe-Beats-Solo-2-wireless-Silver-3-300x260.jpg 300w, http://plantronicschinhhang.com/wp-content/uploads/Tai-nghe-Beats-Solo-2-wireless-Silver-3-1024x889.jpg 1024w\" sizes=\"(max-width: 1539px) 100vw, 1539px\" title=\"\" style=\"\">\r\n               </div>\r\n              </figure>\r\n           </div>\r\n          </div>\r\n        </div>\r\n        <div class=\"large-6 columns column_container\">\r\n          <div class=\"wpb_wrapper\">\r\n           <div class=\"wpb_single_image wpb_content_element vc_align_left\">\r\n              <figure class=\"wpb_wrapper vc_figure\">\r\n                <div class=\"vc_single_image-wrapper   vc_box_border_grey\">\r\n                  <img width=\"1293\" height=\"1187\" src=\"http://plantronicschinhhang.com/wp-content/uploads/Tai-nghe-Beats-Solo-2-wireless-Space-Gray-2.jpg\" class=\"vc_single_image-img attachment-full\" alt=\"Tai nghe Beats Solo 2 wireless Space Gray (2)\" srcset=\"http://plantronicschinhhang.com/wp-content/uploads/Tai-nghe-Beats-Solo-2-wireless-Space-Gray-2.jpg 1293w, http://plantronicschinhhang.com/wp-content/uploads/Tai-nghe-Beats-Solo-2-wireless-Space-Gray-2-300x275.jpg 300w, http://plantronicschinhhang.com/wp-content/uploads/Tai-nghe-Beats-Solo-2-wireless-Space-Gray-2-1024x940.jpg 1024w\" sizes=\"(max-width: 1293px) 100vw, 1293px\">\r\n               </div>\r\n              </figure>\r\n           </div>\r\n          </div>\r\n        </div>\r\n      </div>\r\n      <div style=\" color:#000; \" class=\"row normal_height vc_row wpb_row vc_row-fluid\">\r\n       <div class=\"large-2 columns column_container\">\r\n          <div class=\"wpb_wrapper\">\r\n           <div class=\"row vc_row wpb_row vc_inner vc_row-fluid\">\r\n              <div class=\"wpb_column vc_column_container vc_col-sm-12\">\r\n               <div class=\"vc_column-inner \">\r\n                  <div class=\"wpb_wrapper\">\r\n                 </div>\r\n                </div>\r\n              </div>\r\n            </div>\r\n          </div>\r\n        </div>\r\n      </div>\r\n    </div>\r\n  </div>\r\n</div>', 'N', '2016-04-28 06:34:01', '2016-04-30 18:35:49');
INSERT INTO `templates` VALUES ('2', 'specification', '<h3>Beats Studio&trade; over ear headphones</h3>\r\n\r\n<table>\r\n  <tbody>\r\n   <tr>\r\n      <td><strong>&nbsp;USB 2.0 Charging Cable</strong></td>\r\n      <td>&nbsp;</td>\r\n   </tr>\r\n   <tr>\r\n      <td><strong>&nbsp;USB power adapter</strong></td>\r\n     <td>&nbsp;</td>\r\n   </tr>\r\n   <tr>\r\n      <td>&nbsp;<strong>Plug</strong></td>\r\n      <td>&nbsp;3.5mm audio cable</td>\r\n    </tr>\r\n   <tr>\r\n      <td>&nbsp;<strong>Cable</strong></td>\r\n     <td>&nbsp;RemoteTalk&trade; cable</td>\r\n    </tr>\r\n   <tr>\r\n      <td>&nbsp;<strong>Accessories</strong></td>\r\n     <td>\r\n      <ul>\r\n        <li>Hard shell carrying case</li>\r\n       <li>Beats cleaning cloth</li>\r\n       <li>Quick Start-Up Guide</li>\r\n     </ul>\r\n     </td>\r\n   </tr>\r\n   <tr>\r\n      <td><strong>&nbsp;Weight (kg)</strong></td>\r\n     <td>&nbsp;0.26</td>\r\n   </tr>\r\n   <tr>\r\n      <td><strong>&nbsp;Height (mm)</strong></td>\r\n     <td>&nbsp;203mm</td>\r\n    </tr>\r\n </tbody>\r\n</table>\r\n', 'N', '2016-04-28 10:05:15', '2016-06-17 19:23:22');
INSERT INTO `templates` VALUES ('3', 'review', '<h3>ĐẲNG CẤP PH&Ograve;NG THU.</h3>\r\n\r\n<ul>\r\n <li>&Acirc;m thanh đ&aacute;p ứng được ti&ecirc;u chuẩn c&aacute;c ph&ograve;ng thu hiện đại. Một sự lựa chọn tuyệt vời cho c&aacute;c d&ograve;ng nhạc s&ocirc;i động, tươi trẻ hiện nay.</li>\r\n</ul>\r\n\r\n<h3>&Acirc;M CAO TRONG TRẺO V&Agrave; TIẾNG BASS UY LỰC</h3>\r\n\r\n<ul>\r\n  <li>Vỏ ngo&agrave;i tai nghe l&agrave;m từ nh&ocirc;m v&agrave; th&eacute;p, gi&uacute;p &acirc;m bass trở n&ecirc;n chắc khỏe, mạnh mẽ v&agrave; &acirc;m cao r&otilde; r&agrave;ng, trong vắt.</li>\r\n</ul>\r\n\r\n<h3>THIẾT KẾ SANG TRỌNG, HIỆN ĐẠI</h3>\r\n\r\n<ul>\r\n  <li>Với một sản phẩm cao cấp như Beats Pro, Monster kh&ocirc;ng cho sử dụng bất kỳ chi tiết n&agrave;o bằng nhựa, tất cả c&aacute;c khớp nối v&agrave; khung tai nghe đều l&agrave;m từ kim loại. Ngay cả d&acirc;y dẫn cũng c&oacute; lớp bọc ngo&agrave;i đẹp v&agrave; bền.</li>\r\n</ul>\r\n\r\n<h3>KHẢ NĂNG CHỐNG ỒN HIỆU QUẢ</h3>\r\n\r\n<ul>\r\n <li>Beats Pro l&agrave; một tai nghe chống ồn thụ động với lớp bọc da của phần ốp tai rất d&agrave;y v&agrave; &ecirc;m &aacute;i, gi&uacute;p &ocirc;m trọn v&agrave;nh tai v&agrave; tạo ra một kh&ocirc;ng gian nghe nhạc y&ecirc;n tĩnh tuyệt đối</li>\r\n</ul>\r\n\r\n<h3>Beats Pro&trade; on ear headphones</h3>\r\n\r\n<table>\r\n <tbody>\r\n   <tr>\r\n      <td><strong>&nbsp;Cable</strong></td>\r\n     <td>\r\n      <ul>\r\n        <li>4.2mm coiled cable with 3.5mm twist lock plug</li>\r\n        <li>In-line remote &amp; mic cable (features may vary)</li>\r\n     </ul>\r\n     </td>\r\n   </tr>\r\n   <tr>\r\n      <td>&nbsp;<strong>Adapter</strong></td>\r\n     <td>&nbsp;&frac14;&quot; audio adapter</td>\r\n   </tr>\r\n   <tr>\r\n      <td>&nbsp;<strong>Accessories</strong></td>\r\n     <td>\r\n      <ul>\r\n        <li>Carrying pouch</li>\r\n       <li>Beats cleaning cloth</li>\r\n     </ul>\r\n     </td>\r\n   </tr>\r\n   <tr>\r\n      <td><strong>&nbsp;Weight (kg)</strong></td>\r\n     <td>&nbsp;0.40</td>\r\n   </tr>\r\n   <tr>\r\n      <td><strong>&nbsp;Height (mm)</strong></td>\r\n     <td>&nbsp;197</td>\r\n    </tr>\r\n   <tr>\r\n      <td><strong>&nbsp;Length of Cable (m)</strong></td>\r\n     <td>&nbsp;1.523</td>\r\n    </tr>\r\n   <tr>\r\n      <td><strong>&nbsp;Type of Jack</strong></td>\r\n      <td>&nbsp;3.5mm</td>\r\n    </tr>\r\n </tbody>\r\n</table>\r\n\r\n<p><a href=\"http://demandware.edgesuite.net/aajh_prd/on/demandware.static/Sites-beats-Site/Sites-beats-master-catalog-en/default/v1383896974663/pdf/beats-pro-user-guide-americas.pdf\">User Guide</a></p>\r\n', 'N', '2016-04-30 17:20:34', '2016-06-17 19:23:55');
INSERT INTO `templates` VALUES ('4', 'video', '', 'Y', '2016-04-30 17:23:57', '2016-06-19 19:30:50');
INSERT INTO `templates` VALUES ('5', 'customer_review', '<ul>\r\n <li>Chất lượng &acirc;m thanh tuyệt với, thời trang v&agrave; c&aacute; t&iacute;nh lắm</li>\r\n  <li>Đ&uacute;ng l&agrave; tiền n&agrave;o của đấy, sướng hết cả lỗ tai :v</li>\r\n</ul>\r\n', 'N', '2016-04-30 17:24:12', '2016-06-17 20:09:54');
INSERT INTO `templates` VALUES ('6', 'note', '<p>Lưu lại, sản phẩm hay.</p>\r\n', 'N', '2016-06-17 20:10:18', '2016-06-17 20:10:18');

-- ----------------------------
-- Table structure for users
-- ----------------------------
DROP TABLE IF EXISTS `users`;
CREATE TABLE `users` (
  `id` int(10) unsigned NOT NULL AUTO_INCREMENT,
  `username` varchar(50) COLLATE utf8_unicode_ci DEFAULT NULL,
  `email` varchar(255) COLLATE utf8_unicode_ci DEFAULT NULL,
  `password` varchar(255) COLLATE utf8_unicode_ci DEFAULT NULL,
  `role` varchar(20) COLLATE utf8_unicode_ci DEFAULT NULL,
  `del_flag` varchar(10) COLLATE utf8_unicode_ci DEFAULT 'N' COMMENT 'N',
  `created` datetime DEFAULT NULL,
  `modified` datetime DEFAULT NULL,
  PRIMARY KEY (`id`)
) ENGINE=InnoDB AUTO_INCREMENT=2 DEFAULT CHARSET=utf8 COLLATE=utf8_unicode_ci;

-- ----------------------------
-- Records of users
-- ----------------------------
INSERT INTO `users` VALUES ('1', 'admin', null, '$2a$10$Dp.WcQD4zzYFD47fDhs1Oe7pReZLnYAlwuSewY5dsWpIHJEaVmU9C', 'admin', 'N', '2016-04-15 13:26:26', '2016-06-12 18:41:34');